images,group_label,label
F:\workspace\imagery2024\PREPROCESSED_DATA\3D\3DImages\training_images\training_images\Strawberry\strawberry7\Screenshot_20241002_115016.png,1,0
F:\workspace\imagery2024\PREPROCESSED_DATA\3D\3DImages\training_images\training_images\Strawberry\strawberry7\Screenshot_20241002_115017.png,1,1
F:\workspace\imagery2024\PREPROCESSED_DATA\3D\3DImages\training_images\training_images\Strawberry\strawberry7\Screenshot_20241002_115020.png,1,2
F:\workspace\imagery2024\PREPROCESSED_DATA\3D\3DImages\training_images\training_images\Strawberry\strawberry7\Screenshot_20241002_115021.png,1,3
F:\workspace\imagery2024\PREPROCESSED_DATA\3D\3DImages\training_images\training_images\Strawberry\strawberry7\Screenshot_20241002_115023.png,1,4
F:\workspace\imagery2024\PREPROCESSED_DATA\3D\3DImages\training_images\training_images\Strawberry\strawberry7\Screenshot_20241002_115022.png,1,5
F:\workspace\imagery2024\PREPROCESSED_DATA\3D\3DImages\training_images\training_images\Strawberry\strawberry7\Screenshot_20241002_115019.png,1,6
F:\workspace\imagery2024\PREPROCESSED_DATA\3D\3DImages\training_images\training_images\Strawberry\strawberry7\Screenshot_20241002_115018.png,1,7
F:\workspace\imagery2024\PREPROCESSED_DATA\3D\3DImages\training_images\training_images\Strawberry\strawberry9\Screenshot_20241002_114531.png,1,8
F:\workspace\imagery2024\PREPROCESSED_DATA\3D\3DImages\training_images\training_images\Strawberry\strawberry9\Screenshot_20241002_114530.png,1,9
F:\workspace\imagery2024\PREPROCESSED_DATA\3D\3DImages\training_images\training_images\Strawberry\strawberry9\Screenshot_20241002_114532.png,1,10
F:\workspace\imagery2024\PREPROCESSED_DATA\3D\3DImages\training_images\training_images\Strawberry\strawberry9\Screenshot_20241002_114526.png,1,11
F:\workspace\imagery2024\PREPROCESSED_DATA\3D\3DImages\training_images\training_images\Strawberry\strawberry9\Screenshot_20241002_114527.png,1,12
F:\workspace\imagery2024\PREPROCESSED_DATA\3D\3DImages\training_images\training_images\Strawberry\strawberry9\Screenshot_20241002_114533.png,1,13
F:\workspace\imagery2024\PREPROCESSED_DATA\3D\3DImages\training_images\training_images\Strawberry\strawberry9\Screenshot_20241002_114529.png,1,14
F:\workspace\imagery2024\PREPROCESSED_DATA\3D\3DImages\training_images\training_images\Strawberry\strawberry9\Screenshot_20241002_114528.png,1,15
F:\workspace\imagery2024\PREPROCESSED_DATA\3D\3DImages\training_images\training_images\Strawberry\strawberry8\Screenshot_20241002_114653.png,1,16
F:\workspace\imagery2024\PREPROCESSED_DATA\3D\3DImages\training_images\training_images\Strawberry\strawberry8\Screenshot_20241002_114647.png,1,17
F:\workspace\imagery2024\PREPROCESSED_DATA\3D\3DImages\training_images\training_images\Strawberry\strawberry8\Screenshot_20241002_114646.png,1,18
F:\workspace\imagery2024\PREPROCESSED_DATA\3D\3DImages\training_images\training_images\Strawberry\strawberry8\Screenshot_20241002_114652.png,1,19
F:\workspace\imagery2024\PREPROCESSED_DATA\3D\3DImages\training_images\training_images\Strawberry\strawberry8\Screenshot_20241002_114650.png,1,20
F:\workspace\imagery2024\PREPROCESSED_DATA\3D\3DImages\training_images\training_images\Strawberry\strawberry8\Screenshot_20241002_114651.png,1,21
F:\workspace\imagery2024\PREPROCESSED_DATA\3D\3DImages\training_images\training_images\Strawberry\strawberry8\Screenshot_20241002_114648.png,1,22
F:\workspace\imagery2024\PREPROCESSED_DATA\3D\3DImages\training_images\training_images\Strawberry\strawberry8\Screenshot_20241002_114649.png,1,23
F:\workspace\imagery2024\PREPROCESSED_DATA\3D\3DImages\training_images\training_images\Strawberry\strawberry6\Screenshot_20241002_115038.png,1,24
F:\workspace\imagery2024\PREPROCESSED_DATA\3D\3DImages\training_images\training_images\Strawberry\strawberry6\Screenshot_20241002_115039.png,1,25
F:\workspace\imagery2024\PREPROCESSED_DATA\3D\3DImages\training_images\training_images\Strawberry\strawberry6\Screenshot_20241002_115043.png,1,26
F:\workspace\imagery2024\PREPROCESSED_DATA\3D\3DImages\training_images\training_images\Strawberry\strawberry6\Screenshot_20241002_115042.png,1,27
F:\workspace\imagery2024\PREPROCESSED_DATA\3D\3DImages\training_images\training_images\Strawberry\strawberry6\Screenshot_20241002_115040.png,1,28
F:\workspace\imagery2024\PREPROCESSED_DATA\3D\3DImages\training_images\training_images\Strawberry\strawberry6\Screenshot_20241002_115041.png,1,29
F:\workspace\imagery2024\PREPROCESSED_DATA\3D\3DImages\training_images\training_images\Strawberry\strawberry6\Screenshot_20241002_115037.png,1,30
F:\workspace\imagery2024\PREPROCESSED_DATA\3D\3DImages\training_images\training_images\Strawberry\strawberry6\Screenshot_20241002_115036.png,1,31
F:\workspace\imagery2024\PREPROCESSED_DATA\3D\3DImages\training_images\training_images\Strawberry\strawberry1\Screenshot_20241002_115328.png,1,32
F:\workspace\imagery2024\PREPROCESSED_DATA\3D\3DImages\training_images\training_images\Strawberry\strawberry1\Screenshot_20241002_115329.png,1,33
F:\workspace\imagery2024\PREPROCESSED_DATA\3D\3DImages\training_images\training_images\Strawberry\strawberry1\Screenshot_20241002_115333.png,1,34
F:\workspace\imagery2024\PREPROCESSED_DATA\3D\3DImages\training_images\training_images\Strawberry\strawberry1\Screenshot_20241002_115327.png,1,35
F:\workspace\imagery2024\PREPROCESSED_DATA\3D\3DImages\training_images\training_images\Strawberry\strawberry1\Screenshot_20241002_115326.png,1,36
F:\workspace\imagery2024\PREPROCESSED_DATA\3D\3DImages\training_images\training_images\Strawberry\strawberry1\Screenshot_20241002_115332.png,1,37
F:\workspace\imagery2024\PREPROCESSED_DATA\3D\3DImages\training_images\training_images\Strawberry\strawberry1\Screenshot_20241002_115330.png,1,38
F:\workspace\imagery2024\PREPROCESSED_DATA\3D\3DImages\training_images\training_images\Strawberry\strawberry1\Screenshot_20241002_115331.png,1,39
F:\workspace\imagery2024\PREPROCESSED_DATA\3D\3DImages\training_images\training_images\Strawberry\strawberry13\Screenshot_20241002_115758.png,1,40
F:\workspace\imagery2024\PREPROCESSED_DATA\3D\3DImages\training_images\training_images\Strawberry\strawberry13\Screenshot_20241002_115759.png,1,41
F:\workspace\imagery2024\PREPROCESSED_DATA\3D\3DImages\training_images\training_images\Strawberry\strawberry13\Screenshot_20241002_115801.png,1,42
F:\workspace\imagery2024\PREPROCESSED_DATA\3D\3DImages\training_images\training_images\Strawberry\strawberry13\Screenshot_20241002_115800.png,1,43
F:\workspace\imagery2024\PREPROCESSED_DATA\3D\3DImages\training_images\training_images\Strawberry\strawberry13\Screenshot_20241002_115802.png,1,44
F:\workspace\imagery2024\PREPROCESSED_DATA\3D\3DImages\training_images\training_images\Strawberry\strawberry13\Screenshot_20241002_115803.png,1,45
F:\workspace\imagery2024\PREPROCESSED_DATA\3D\3DImages\training_images\training_images\Strawberry\strawberry13\Screenshot_20241002_115757.png,1,46
F:\workspace\imagery2024\PREPROCESSED_DATA\3D\3DImages\training_images\training_images\Strawberry\strawberry13\Screenshot_20241002_115756.png,1,47
F:\workspace\imagery2024\PREPROCESSED_DATA\3D\3DImages\training_images\training_images\Strawberry\strawberry12\Screenshot_20241002_115559.png,1,48
F:\workspace\imagery2024\PREPROCESSED_DATA\3D\3DImages\training_images\training_images\Strawberry\strawberry12\Screenshot_20241002_115558.png,1,49
F:\workspace\imagery2024\PREPROCESSED_DATA\3D\3DImages\training_images\training_images\Strawberry\strawberry12\Screenshot_20241002_115601.png,1,50
F:\workspace\imagery2024\PREPROCESSED_DATA\3D\3DImages\training_images\training_images\Strawberry\strawberry12\Screenshot_20241002_115600.png,1,51
F:\workspace\imagery2024\PREPROCESSED_DATA\3D\3DImages\training_images\training_images\Strawberry\strawberry12\Screenshot_20241002_115602.png,1,52
F:\workspace\imagery2024\PREPROCESSED_DATA\3D\3DImages\training_images\training_images\Strawberry\strawberry12\Screenshot_20241002_115603.png,1,53
F:\workspace\imagery2024\PREPROCESSED_DATA\3D\3DImages\training_images\training_images\Strawberry\strawberry12\Screenshot_20241002_115556.png,1,54
F:\workspace\imagery2024\PREPROCESSED_DATA\3D\3DImages\training_images\training_images\Strawberry\strawberry12\Screenshot_20241002_115557.png,1,55
F:\workspace\imagery2024\PREPROCESSED_DATA\3D\3DImages\training_images\training_images\Strawberry\strawberry4\Screenshot_20241002_114537.png,1,56
F:\workspace\imagery2024\PREPROCESSED_DATA\3D\3DImages\training_images\training_images\Strawberry\strawberry4\Screenshot_20241002_114536.png,1,57
F:\workspace\imagery2024\PREPROCESSED_DATA\3D\3DImages\training_images\training_images\Strawberry\strawberry4\Screenshot_20241002_114540.png,1,58
F:\workspace\imagery2024\PREPROCESSED_DATA\3D\3DImages\training_images\training_images\Strawberry\strawberry4\Screenshot_20241002_114541.png,1,59
F:\workspace\imagery2024\PREPROCESSED_DATA\3D\3DImages\training_images\training_images\Strawberry\strawberry4\Screenshot_20241002_114543.png,1,60
F:\workspace\imagery2024\PREPROCESSED_DATA\3D\3DImages\training_images\training_images\Strawberry\strawberry4\Screenshot_20241002_114542.png,1,61
F:\workspace\imagery2024\PREPROCESSED_DATA\3D\3DImages\training_images\training_images\Strawberry\strawberry4\Screenshot_20241002_114538.png,1,62
F:\workspace\imagery2024\PREPROCESSED_DATA\3D\3DImages\training_images\training_images\Strawberry\strawberry4\Screenshot_20241002_114539.png,1,63
F:\workspace\imagery2024\PREPROCESSED_DATA\3D\3DImages\training_images\training_images\Strawberry\strawberry3\Screenshot_20241002_114948.png,1,64
F:\workspace\imagery2024\PREPROCESSED_DATA\3D\3DImages\training_images\training_images\Strawberry\strawberry3\Screenshot_20241002_114949.png,1,65
F:\workspace\imagery2024\PREPROCESSED_DATA\3D\3DImages\training_images\training_images\Strawberry\strawberry3\Screenshot_20241002_114950.png,1,66
F:\workspace\imagery2024\PREPROCESSED_DATA\3D\3DImages\training_images\training_images\Strawberry\strawberry3\Screenshot_20241002_114951.png,1,67
F:\workspace\imagery2024\PREPROCESSED_DATA\3D\3DImages\training_images\training_images\Strawberry\strawberry3\Screenshot_20241002_114947.png,1,68
F:\workspace\imagery2024\PREPROCESSED_DATA\3D\3DImages\training_images\training_images\Strawberry\strawberry3\Screenshot_20241002_114953.png,1,69
F:\workspace\imagery2024\PREPROCESSED_DATA\3D\3DImages\training_images\training_images\Strawberry\strawberry3\Screenshot_20241002_114952.png,1,70
F:\workspace\imagery2024\PREPROCESSED_DATA\3D\3DImages\training_images\training_images\Strawberry\strawberry3\Screenshot_20241002_114946.png,1,71
F:\workspace\imagery2024\PREPROCESSED_DATA\3D\3DImages\training_images\training_images\Strawberry\strawberry2\Screenshot_20241002_114641.png,1,72
F:\workspace\imagery2024\PREPROCESSED_DATA\3D\3DImages\training_images\training_images\Strawberry\strawberry2\Screenshot_20241002_114640.png,1,73
F:\workspace\imagery2024\PREPROCESSED_DATA\3D\3DImages\training_images\training_images\Strawberry\strawberry2\Screenshot_20241002_114642.png,1,74
F:\workspace\imagery2024\PREPROCESSED_DATA\3D\3DImages\training_images\training_images\Strawberry\strawberry2\Screenshot_20241002_114643.png,1,75
F:\workspace\imagery2024\PREPROCESSED_DATA\3D\3DImages\training_images\training_images\Strawberry\strawberry2\Screenshot_20241002_114636.png,1,76
F:\workspace\imagery2024\PREPROCESSED_DATA\3D\3DImages\training_images\training_images\Strawberry\strawberry2\Screenshot_20241002_114637.png,1,77
F:\workspace\imagery2024\PREPROCESSED_DATA\3D\3DImages\training_images\training_images\Strawberry\strawberry2\Screenshot_20241002_114639.png,1,78
F:\workspace\imagery2024\PREPROCESSED_DATA\3D\3DImages\training_images\training_images\Strawberry\strawberry2\Screenshot_20241002_114638.png,1,79
F:\workspace\imagery2024\PREPROCESSED_DATA\3D\3DImages\training_images\training_images\Strawberry\strawberry5\Screenshot_20241002_114546.png,1,80
F:\workspace\imagery2024\PREPROCESSED_DATA\3D\3DImages\training_images\training_images\Strawberry\strawberry5\Screenshot_20241002_114552.png,1,81
F:\workspace\imagery2024\PREPROCESSED_DATA\3D\3DImages\training_images\training_images\Strawberry\strawberry5\Screenshot_20241002_114553.png,1,82
F:\workspace\imagery2024\PREPROCESSED_DATA\3D\3DImages\training_images\training_images\Strawberry\strawberry5\Screenshot_20241002_114547.png,1,83
F:\workspace\imagery2024\PREPROCESSED_DATA\3D\3DImages\training_images\training_images\Strawberry\strawberry5\Screenshot_20241002_114551.png,1,84
F:\workspace\imagery2024\PREPROCESSED_DATA\3D\3DImages\training_images\training_images\Strawberry\strawberry5\Screenshot_20241002_114550.png,1,85
F:\workspace\imagery2024\PREPROCESSED_DATA\3D\3DImages\training_images\training_images\Strawberry\strawberry5\Screenshot_20241002_114549.png,1,86
F:\workspace\imagery2024\PREPROCESSED_DATA\3D\3DImages\training_images\training_images\Strawberry\strawberry5\Screenshot_20241002_114548.png,1,87
F:\workspace\imagery2024\PREPROCESSED_DATA\3D\3DImages\training_images\training_images\Strawberry\strawberry10\Screenshot_20241002_115411.png,1,88
F:\workspace\imagery2024\PREPROCESSED_DATA\3D\3DImages\training_images\training_images\Strawberry\strawberry10\Screenshot_20241002_115410.png,1,89
F:\workspace\imagery2024\PREPROCESSED_DATA\3D\3DImages\training_images\training_images\Strawberry\strawberry10\Screenshot_20241002_115412.png,1,90
F:\workspace\imagery2024\PREPROCESSED_DATA\3D\3DImages\training_images\training_images\Strawberry\strawberry10\Screenshot_20241002_115406.png,1,91
F:\workspace\imagery2024\PREPROCESSED_DATA\3D\3DImages\training_images\training_images\Strawberry\strawberry10\Screenshot_20241002_115407.png,1,92
F:\workspace\imagery2024\PREPROCESSED_DATA\3D\3DImages\training_images\training_images\Strawberry\strawberry10\Screenshot_20241002_115413.png,1,93
F:\workspace\imagery2024\PREPROCESSED_DATA\3D\3DImages\training_images\training_images\Strawberry\strawberry10\Screenshot_20241002_115409.png,1,94
F:\workspace\imagery2024\PREPROCESSED_DATA\3D\3DImages\training_images\training_images\Strawberry\strawberry10\Screenshot_20241002_115408.png,1,95
F:\workspace\imagery2024\PREPROCESSED_DATA\3D\3DImages\training_images\training_images\Strawberry\strawberry11\Screenshot_20241002_114709.png,1,96
F:\workspace\imagery2024\PREPROCESSED_DATA\3D\3DImages\training_images\training_images\Strawberry\strawberry11\Screenshot_20241002_114708.png,1,97
F:\workspace\imagery2024\PREPROCESSED_DATA\3D\3DImages\training_images\training_images\Strawberry\strawberry11\Screenshot_20241002_114706.png,1,98
F:\workspace\imagery2024\PREPROCESSED_DATA\3D\3DImages\training_images\training_images\Strawberry\strawberry11\Screenshot_20241002_114712.png,1,99
F:\workspace\imagery2024\PREPROCESSED_DATA\3D\3DImages\training_images\training_images\Strawberry\strawberry11\Screenshot_20241002_114713.png,1,100
F:\workspace\imagery2024\PREPROCESSED_DATA\3D\3DImages\training_images\training_images\Strawberry\strawberry11\Screenshot_20241002_114707.png,1,101
F:\workspace\imagery2024\PREPROCESSED_DATA\3D\3DImages\training_images\training_images\Strawberry\strawberry11\Screenshot_20241002_114711.png,1,102
F:\workspace\imagery2024\PREPROCESSED_DATA\3D\3DImages\training_images\training_images\Strawberry\strawberry11\Screenshot_20241002_114710.png,1,103
F:\workspace\imagery2024\PREPROCESSED_DATA\3D\3DImages\training_images\training_images\Face\face12\Screenshot_20241002_120008.png,4,104
F:\workspace\imagery2024\PREPROCESSED_DATA\3D\3DImages\training_images\training_images\Face\face12\Screenshot_20241002_120009.png,4,105
F:\workspace\imagery2024\PREPROCESSED_DATA\3D\3DImages\training_images\training_images\Face\face12\Screenshot_20241002_120013.png,4,106
F:\workspace\imagery2024\PREPROCESSED_DATA\3D\3DImages\training_images\training_images\Face\face12\Screenshot_20241002_120007.png,4,107
F:\workspace\imagery2024\PREPROCESSED_DATA\3D\3DImages\training_images\training_images\Face\face12\Screenshot_20241002_120006.png,4,108
F:\workspace\imagery2024\PREPROCESSED_DATA\3D\3DImages\training_images\training_images\Face\face12\Screenshot_20241002_120012.png,4,109
F:\workspace\imagery2024\PREPROCESSED_DATA\3D\3DImages\training_images\training_images\Face\face12\Screenshot_20241002_120010.png,4,110
F:\workspace\imagery2024\PREPROCESSED_DATA\3D\3DImages\training_images\training_images\Face\face12\Screenshot_20241002_120011.png,4,111
F:\workspace\imagery2024\PREPROCESSED_DATA\3D\3DImages\training_images\training_images\Face\face13\Screenshot_20241002_120131.png,4,112
F:\workspace\imagery2024\PREPROCESSED_DATA\3D\3DImages\training_images\training_images\Face\face13\Screenshot_20241002_120130.png,4,113
F:\workspace\imagery2024\PREPROCESSED_DATA\3D\3DImages\training_images\training_images\Face\face13\Screenshot_20241002_120132.png,4,114
F:\workspace\imagery2024\PREPROCESSED_DATA\3D\3DImages\training_images\training_images\Face\face13\Screenshot_20241002_120126.png,4,115
F:\workspace\imagery2024\PREPROCESSED_DATA\3D\3DImages\training_images\training_images\Face\face13\Screenshot_20241002_120127.png,4,116
F:\workspace\imagery2024\PREPROCESSED_DATA\3D\3DImages\training_images\training_images\Face\face13\Screenshot_20241002_120133.png,4,117
F:\workspace\imagery2024\PREPROCESSED_DATA\3D\3DImages\training_images\training_images\Face\face13\Screenshot_20241002_120129.png,4,118
F:\workspace\imagery2024\PREPROCESSED_DATA\3D\3DImages\training_images\training_images\Face\face13\Screenshot_20241002_120128.png,4,119
F:\workspace\imagery2024\PREPROCESSED_DATA\3D\3DImages\training_images\training_images\Face\face4\Screenshot_20241002_120318.png,4,120
F:\workspace\imagery2024\PREPROCESSED_DATA\3D\3DImages\training_images\training_images\Face\face4\Screenshot_20241002_120319.png,4,121
F:\workspace\imagery2024\PREPROCESSED_DATA\3D\3DImages\training_images\training_images\Face\face4\Screenshot_20241002_120321.png,4,122
F:\workspace\imagery2024\PREPROCESSED_DATA\3D\3DImages\training_images\training_images\Face\face4\Screenshot_20241002_120320.png,4,123
F:\workspace\imagery2024\PREPROCESSED_DATA\3D\3DImages\training_images\training_images\Face\face4\Screenshot_20241002_120322.png,4,124
F:\workspace\imagery2024\PREPROCESSED_DATA\3D\3DImages\training_images\training_images\Face\face4\Screenshot_20241002_120323.png,4,125
F:\workspace\imagery2024\PREPROCESSED_DATA\3D\3DImages\training_images\training_images\Face\face4\Screenshot_20241002_120317.png,4,126
F:\workspace\imagery2024\PREPROCESSED_DATA\3D\3DImages\training_images\training_images\Face\face4\Screenshot_20241002_120316.png,4,127
F:\workspace\imagery2024\PREPROCESSED_DATA\3D\3DImages\training_images\training_images\Face\face3\Screenshot_20241002_120157.png,4,128
F:\workspace\imagery2024\PREPROCESSED_DATA\3D\3DImages\training_images\training_images\Face\face3\Screenshot_20241002_120156.png,4,129
F:\workspace\imagery2024\PREPROCESSED_DATA\3D\3DImages\training_images\training_images\Face\face3\Screenshot_20241002_120158.png,4,130
F:\workspace\imagery2024\PREPROCESSED_DATA\3D\3DImages\training_images\training_images\Face\face3\Screenshot_20241002_120159.png,4,131
F:\workspace\imagery2024\PREPROCESSED_DATA\3D\3DImages\training_images\training_images\Face\face3\Screenshot_20241002_120203.png,4,132
F:\workspace\imagery2024\PREPROCESSED_DATA\3D\3DImages\training_images\training_images\Face\face3\Screenshot_20241002_120202.png,4,133
F:\workspace\imagery2024\PREPROCESSED_DATA\3D\3DImages\training_images\training_images\Face\face3\Screenshot_20241002_120200.png,4,134
F:\workspace\imagery2024\PREPROCESSED_DATA\3D\3DImages\training_images\training_images\Face\face3\Screenshot_20241002_120201.png,4,135
F:\workspace\imagery2024\PREPROCESSED_DATA\3D\3DImages\training_images\training_images\Face\face2\Screenshot_20241002_114630.png,4,136
F:\workspace\imagery2024\PREPROCESSED_DATA\3D\3DImages\training_images\training_images\Face\face2\Screenshot_20241002_114631.png,4,137
F:\workspace\imagery2024\PREPROCESSED_DATA\3D\3DImages\training_images\training_images\Face\face2\Screenshot_20241002_114627.png,4,138
F:\workspace\imagery2024\PREPROCESSED_DATA\3D\3DImages\training_images\training_images\Face\face2\Screenshot_20241002_114633.png,4,139
F:\workspace\imagery2024\PREPROCESSED_DATA\3D\3DImages\training_images\training_images\Face\face2\Screenshot_20241002_114632.png,4,140
F:\workspace\imagery2024\PREPROCESSED_DATA\3D\3DImages\training_images\training_images\Face\face2\Screenshot_20241002_114626.png,4,141
F:\workspace\imagery2024\PREPROCESSED_DATA\3D\3DImages\training_images\training_images\Face\face2\Screenshot_20241002_114628.png,4,142
F:\workspace\imagery2024\PREPROCESSED_DATA\3D\3DImages\training_images\training_images\Face\face2\Screenshot_20241002_114629.png,4,143
F:\workspace\imagery2024\PREPROCESSED_DATA\3D\3DImages\training_images\training_images\Face\face5\Screenshot_20241002_115300.png,4,144
F:\workspace\imagery2024\PREPROCESSED_DATA\3D\3DImages\training_images\training_images\Face\face5\Screenshot_20241002_115301.png,4,145
F:\workspace\imagery2024\PREPROCESSED_DATA\3D\3DImages\training_images\training_images\Face\face5\Screenshot_20241002_115303.png,4,146
F:\workspace\imagery2024\PREPROCESSED_DATA\3D\3DImages\training_images\training_images\Face\face5\Screenshot_20241002_115302.png,4,147
F:\workspace\imagery2024\PREPROCESSED_DATA\3D\3DImages\training_images\training_images\Face\face5\Screenshot_20241002_115259.png,4,148
F:\workspace\imagery2024\PREPROCESSED_DATA\3D\3DImages\training_images\training_images\Face\face5\Screenshot_20241002_115258.png,4,149
F:\workspace\imagery2024\PREPROCESSED_DATA\3D\3DImages\training_images\training_images\Face\face5\Screenshot_20241002_115256.png,4,150
F:\workspace\imagery2024\PREPROCESSED_DATA\3D\3DImages\training_images\training_images\Face\face5\Screenshot_20241002_115257.png,4,151
F:\workspace\imagery2024\PREPROCESSED_DATA\3D\3DImages\training_images\training_images\Face\face11\Screenshot_20241002_115851.png,4,152
F:\workspace\imagery2024\PREPROCESSED_DATA\3D\3DImages\training_images\training_images\Face\face11\Screenshot_20241002_115850.png,4,153
F:\workspace\imagery2024\PREPROCESSED_DATA\3D\3DImages\training_images\training_images\Face\face11\Screenshot_20241002_115846.png,4,154
F:\workspace\imagery2024\PREPROCESSED_DATA\3D\3DImages\training_images\training_images\Face\face11\Screenshot_20241002_115852.png,4,155
F:\workspace\imagery2024\PREPROCESSED_DATA\3D\3DImages\training_images\training_images\Face\face11\Screenshot_20241002_115853.png,4,156
F:\workspace\imagery2024\PREPROCESSED_DATA\3D\3DImages\training_images\training_images\Face\face11\Screenshot_20241002_115847.png,4,157
F:\workspace\imagery2024\PREPROCESSED_DATA\3D\3DImages\training_images\training_images\Face\face11\Screenshot_20241002_115849.png,4,158
F:\workspace\imagery2024\PREPROCESSED_DATA\3D\3DImages\training_images\training_images\Face\face11\Screenshot_20241002_115848.png,4,159
F:\workspace\imagery2024\PREPROCESSED_DATA\3D\3DImages\training_images\training_images\Face\face10\Screenshot_20241002_120108.png,4,160
F:\workspace\imagery2024\PREPROCESSED_DATA\3D\3DImages\training_images\training_images\Face\face10\Screenshot_20241002_120109.png,4,161
F:\workspace\imagery2024\PREPROCESSED_DATA\3D\3DImages\training_images\training_images\Face\face10\Screenshot_20241002_120110.png,4,162
F:\workspace\imagery2024\PREPROCESSED_DATA\3D\3DImages\training_images\training_images\Face\face10\Screenshot_20241002_120111.png,4,163
F:\workspace\imagery2024\PREPROCESSED_DATA\3D\3DImages\training_images\training_images\Face\face10\Screenshot_20241002_120113.png,4,164
F:\workspace\imagery2024\PREPROCESSED_DATA\3D\3DImages\training_images\training_images\Face\face10\Screenshot_20241002_120107.png,4,165
F:\workspace\imagery2024\PREPROCESSED_DATA\3D\3DImages\training_images\training_images\Face\face10\Screenshot_20241002_120106.png,4,166
F:\workspace\imagery2024\PREPROCESSED_DATA\3D\3DImages\training_images\training_images\Face\face10\Screenshot_20241002_120112.png,4,167
F:\workspace\imagery2024\PREPROCESSED_DATA\3D\3DImages\training_images\training_images\Face\face7\Screenshot_20241002_115957.png,4,168
F:\workspace\imagery2024\PREPROCESSED_DATA\3D\3DImages\training_images\training_images\Face\face7\Screenshot_20241002_115956.png,4,169
F:\workspace\imagery2024\PREPROCESSED_DATA\3D\3DImages\training_images\training_images\Face\face7\Screenshot_20241002_120001.png,4,170
F:\workspace\imagery2024\PREPROCESSED_DATA\3D\3DImages\training_images\training_images\Face\face7\Screenshot_20241002_120000.png,4,171
F:\workspace\imagery2024\PREPROCESSED_DATA\3D\3DImages\training_images\training_images\Face\face7\Screenshot_20241002_120002.png,4,172
F:\workspace\imagery2024\PREPROCESSED_DATA\3D\3DImages\training_images\training_images\Face\face7\Screenshot_20241002_120003.png,4,173
F:\workspace\imagery2024\PREPROCESSED_DATA\3D\3DImages\training_images\training_images\Face\face7\Screenshot_20241002_115958.png,4,174
F:\workspace\imagery2024\PREPROCESSED_DATA\3D\3DImages\training_images\training_images\Face\face7\Screenshot_20241002_115959.png,4,175
F:\workspace\imagery2024\PREPROCESSED_DATA\3D\3DImages\training_images\training_images\Face\face9\Screenshot_20241002_115049.png,4,176
F:\workspace\imagery2024\PREPROCESSED_DATA\3D\3DImages\training_images\training_images\Face\face9\Screenshot_20241002_115048.png,4,177
F:\workspace\imagery2024\PREPROCESSED_DATA\3D\3DImages\training_images\training_images\Face\face9\Screenshot_20241002_115051.png,4,178
F:\workspace\imagery2024\PREPROCESSED_DATA\3D\3DImages\training_images\training_images\Face\face9\Screenshot_20241002_115050.png,4,179
F:\workspace\imagery2024\PREPROCESSED_DATA\3D\3DImages\training_images\training_images\Face\face9\Screenshot_20241002_115052.png,4,180
F:\workspace\imagery2024\PREPROCESSED_DATA\3D\3DImages\training_images\training_images\Face\face9\Screenshot_20241002_115046.png,4,181
F:\workspace\imagery2024\PREPROCESSED_DATA\3D\3DImages\training_images\training_images\Face\face9\Screenshot_20241002_115047.png,4,182
F:\workspace\imagery2024\PREPROCESSED_DATA\3D\3DImages\training_images\training_images\Face\face9\Screenshot_20241002_115053.png,4,183
F:\workspace\imagery2024\PREPROCESSED_DATA\3D\3DImages\training_images\training_images\Face\face8\Screenshot_20241002_115539.png,4,184
F:\workspace\imagery2024\PREPROCESSED_DATA\3D\3DImages\training_images\training_images\Face\face8\Screenshot_20241002_115538.png,4,185
F:\workspace\imagery2024\PREPROCESSED_DATA\3D\3DImages\training_images\training_images\Face\face8\Screenshot_20241002_115536.png,4,186
F:\workspace\imagery2024\PREPROCESSED_DATA\3D\3DImages\training_images\training_images\Face\face8\Screenshot_20241002_115537.png,4,187
F:\workspace\imagery2024\PREPROCESSED_DATA\3D\3DImages\training_images\training_images\Face\face8\Screenshot_20241002_115542.png,4,188
F:\workspace\imagery2024\PREPROCESSED_DATA\3D\3DImages\training_images\training_images\Face\face8\Screenshot_20241002_115543.png,4,189
F:\workspace\imagery2024\PREPROCESSED_DATA\3D\3DImages\training_images\training_images\Face\face8\Screenshot_20241002_115541.png,4,190
F:\workspace\imagery2024\PREPROCESSED_DATA\3D\3DImages\training_images\training_images\Face\face8\Screenshot_20241002_115540.png,4,191
F:\workspace\imagery2024\PREPROCESSED_DATA\3D\3DImages\training_images\training_images\Face\face6\Screenshot_20241002_115832.png,4,192
F:\workspace\imagery2024\PREPROCESSED_DATA\3D\3DImages\training_images\training_images\Face\face6\Screenshot_20241002_115826.png,4,193
F:\workspace\imagery2024\PREPROCESSED_DATA\3D\3DImages\training_images\training_images\Face\face6\Screenshot_20241002_115827.png,4,194
F:\workspace\imagery2024\PREPROCESSED_DATA\3D\3DImages\training_images\training_images\Face\face6\Screenshot_20241002_115833.png,4,195
F:\workspace\imagery2024\PREPROCESSED_DATA\3D\3DImages\training_images\training_images\Face\face6\Screenshot_20241002_115831.png,4,196
F:\workspace\imagery2024\PREPROCESSED_DATA\3D\3DImages\training_images\training_images\Face\face6\Screenshot_20241002_115830.png,4,197
F:\workspace\imagery2024\PREPROCESSED_DATA\3D\3DImages\training_images\training_images\Face\face6\Screenshot_20241002_115829.png,4,198
F:\workspace\imagery2024\PREPROCESSED_DATA\3D\3DImages\training_images\training_images\Face\face6\Screenshot_20241002_115828.png,4,199
F:\workspace\imagery2024\PREPROCESSED_DATA\3D\3DImages\training_images\training_images\Face\face1\Screenshot_20241002_114828.png,4,200
F:\workspace\imagery2024\PREPROCESSED_DATA\3D\3DImages\training_images\training_images\Face\face1\Screenshot_20241002_114829.png,4,201
F:\workspace\imagery2024\PREPROCESSED_DATA\3D\3DImages\training_images\training_images\Face\face1\Screenshot_20241002_114830.png,4,202
F:\workspace\imagery2024\PREPROCESSED_DATA\3D\3DImages\training_images\training_images\Face\face1\Screenshot_20241002_114831.png,4,203
F:\workspace\imagery2024\PREPROCESSED_DATA\3D\3DImages\training_images\training_images\Face\face1\Screenshot_20241002_114833.png,4,204
F:\workspace\imagery2024\PREPROCESSED_DATA\3D\3DImages\training_images\training_images\Face\face1\Screenshot_20241002_114827.png,4,205
F:\workspace\imagery2024\PREPROCESSED_DATA\3D\3DImages\training_images\training_images\Face\face1\Screenshot_20241002_114826.png,4,206
F:\workspace\imagery2024\PREPROCESSED_DATA\3D\3DImages\training_images\training_images\Face\face1\Screenshot_20241002_114832.png,4,207
F:\workspace\imagery2024\PREPROCESSED_DATA\3D\3DImages\training_images\training_images\Panda\panda12\Screenshot_20241002_121003.png,2,208
F:\workspace\imagery2024\PREPROCESSED_DATA\3D\3DImages\training_images\training_images\Panda\panda12\Screenshot_20241002_121002.png,2,209
F:\workspace\imagery2024\PREPROCESSED_DATA\3D\3DImages\training_images\training_images\Panda\panda12\Screenshot_20241002_121000.png,2,210
F:\workspace\imagery2024\PREPROCESSED_DATA\3D\3DImages\training_images\training_images\Panda\panda12\Screenshot_20241002_121001.png,2,211
F:\workspace\imagery2024\PREPROCESSED_DATA\3D\3DImages\training_images\training_images\Panda\panda12\Screenshot_20241002_120958.png,2,212
F:\workspace\imagery2024\PREPROCESSED_DATA\3D\3DImages\training_images\training_images\Panda\panda12\Screenshot_20241002_120959.png,2,213
F:\workspace\imagery2024\PREPROCESSED_DATA\3D\3DImages\training_images\training_images\Panda\panda12\Screenshot_20241002_120957.png,2,214
F:\workspace\imagery2024\PREPROCESSED_DATA\3D\3DImages\training_images\training_images\Panda\panda12\Screenshot_20241002_120956.png,2,215
F:\workspace\imagery2024\PREPROCESSED_DATA\3D\3DImages\training_images\training_images\Panda\panda13\Screenshot_20241002_115439.png,2,216
F:\workspace\imagery2024\PREPROCESSED_DATA\3D\3DImages\training_images\training_images\Panda\panda13\Screenshot_20241002_115438.png,2,217
F:\workspace\imagery2024\PREPROCESSED_DATA\3D\3DImages\training_images\training_images\Panda\panda13\Screenshot_20241002_115441.png,2,218
F:\workspace\imagery2024\PREPROCESSED_DATA\3D\3DImages\training_images\training_images\Panda\panda13\Screenshot_20241002_115440.png,2,219
F:\workspace\imagery2024\PREPROCESSED_DATA\3D\3DImages\training_images\training_images\Panda\panda13\Screenshot_20241002_115442.png,2,220
F:\workspace\imagery2024\PREPROCESSED_DATA\3D\3DImages\training_images\training_images\Panda\panda13\Screenshot_20241002_115443.png,2,221
F:\workspace\imagery2024\PREPROCESSED_DATA\3D\3DImages\training_images\training_images\Panda\panda13\Screenshot_20241002_115436.png,2,222
F:\workspace\imagery2024\PREPROCESSED_DATA\3D\3DImages\training_images\training_images\Panda\panda13\Screenshot_20241002_115437.png,2,223
F:\workspace\imagery2024\PREPROCESSED_DATA\3D\3DImages\training_images\training_images\Panda\panda3\Screenshot_20241002_120453.png,2,224
F:\workspace\imagery2024\PREPROCESSED_DATA\3D\3DImages\training_images\training_images\Panda\panda3\Screenshot_20241002_120447.png,2,225
F:\workspace\imagery2024\PREPROCESSED_DATA\3D\3DImages\training_images\training_images\Panda\panda3\Screenshot_20241002_120446.png,2,226
F:\workspace\imagery2024\PREPROCESSED_DATA\3D\3DImages\training_images\training_images\Panda\panda3\Screenshot_20241002_120452.png,2,227
F:\workspace\imagery2024\PREPROCESSED_DATA\3D\3DImages\training_images\training_images\Panda\panda3\Screenshot_20241002_120450.png,2,228
F:\workspace\imagery2024\PREPROCESSED_DATA\3D\3DImages\training_images\training_images\Panda\panda3\Screenshot_20241002_120451.png,2,229
F:\workspace\imagery2024\PREPROCESSED_DATA\3D\3DImages\training_images\training_images\Panda\panda3\Screenshot_20241002_120448.png,2,230
F:\workspace\imagery2024\PREPROCESSED_DATA\3D\3DImages\training_images\training_images\Panda\panda3\Screenshot_20241002_120449.png,2,231
F:\workspace\imagery2024\PREPROCESSED_DATA\3D\3DImages\training_images\training_images\Panda\panda4\Screenshot_20241002_115138.png,2,232
F:\workspace\imagery2024\PREPROCESSED_DATA\3D\3DImages\training_images\training_images\Panda\panda4\Screenshot_20241002_115139.png,2,233
F:\workspace\imagery2024\PREPROCESSED_DATA\3D\3DImages\training_images\training_images\Panda\panda4\Screenshot_20241002_115137.png,2,234
F:\workspace\imagery2024\PREPROCESSED_DATA\3D\3DImages\training_images\training_images\Panda\panda4\Screenshot_20241002_115136.png,2,235
F:\workspace\imagery2024\PREPROCESSED_DATA\3D\3DImages\training_images\training_images\Panda\panda4\Screenshot_20241002_115140.png,2,236
F:\workspace\imagery2024\PREPROCESSED_DATA\3D\3DImages\training_images\training_images\Panda\panda4\Screenshot_20241002_115141.png,2,237
F:\workspace\imagery2024\PREPROCESSED_DATA\3D\3DImages\training_images\training_images\Panda\panda4\Screenshot_20241002_115143.png,2,238
F:\workspace\imagery2024\PREPROCESSED_DATA\3D\3DImages\training_images\training_images\Panda\panda4\Screenshot_20241002_115142.png,2,239
F:\workspace\imagery2024\PREPROCESSED_DATA\3D\3DImages\training_images\training_images\Panda\panda5\Screenshot_20241002_115403.png,2,240
F:\workspace\imagery2024\PREPROCESSED_DATA\3D\3DImages\training_images\training_images\Panda\panda5\Screenshot_20241002_115359.png,2,241
F:\workspace\imagery2024\PREPROCESSED_DATA\3D\3DImages\training_images\training_images\Panda\panda5\Screenshot_20241002_115358.png,2,242
F:\workspace\imagery2024\PREPROCESSED_DATA\3D\3DImages\training_images\training_images\Panda\panda5\Screenshot_20241002_115402.png,2,243
F:\workspace\imagery2024\PREPROCESSED_DATA\3D\3DImages\training_images\training_images\Panda\panda5\Screenshot_20241002_115400.png,2,244
F:\workspace\imagery2024\PREPROCESSED_DATA\3D\3DImages\training_images\training_images\Panda\panda5\Screenshot_20241002_115401.png,2,245
F:\workspace\imagery2024\PREPROCESSED_DATA\3D\3DImages\training_images\training_images\Panda\panda5\Screenshot_20241002_115356.png,2,246
F:\workspace\imagery2024\PREPROCESSED_DATA\3D\3DImages\training_images\training_images\Panda\panda5\Screenshot_20241002_115357.png,2,247
F:\workspace\imagery2024\PREPROCESSED_DATA\3D\3DImages\training_images\training_images\Panda\panda2\Screenshot_20241002_114750.png,2,248
F:\workspace\imagery2024\PREPROCESSED_DATA\3D\3DImages\training_images\training_images\Panda\panda2\Screenshot_20241002_114751.png,2,249
F:\workspace\imagery2024\PREPROCESSED_DATA\3D\3DImages\training_images\training_images\Panda\panda2\Screenshot_20241002_114753.png,2,250
F:\workspace\imagery2024\PREPROCESSED_DATA\3D\3DImages\training_images\training_images\Panda\panda2\Screenshot_20241002_114747.png,2,251
F:\workspace\imagery2024\PREPROCESSED_DATA\3D\3DImages\training_images\training_images\Panda\panda2\Screenshot_20241002_114746.png,2,252
F:\workspace\imagery2024\PREPROCESSED_DATA\3D\3DImages\training_images\training_images\Panda\panda2\Screenshot_20241002_114752.png,2,253
F:\workspace\imagery2024\PREPROCESSED_DATA\3D\3DImages\training_images\training_images\Panda\panda2\Screenshot_20241002_114748.png,2,254
F:\workspace\imagery2024\PREPROCESSED_DATA\3D\3DImages\training_images\training_images\Panda\panda2\Screenshot_20241002_114749.png,2,255
F:\workspace\imagery2024\PREPROCESSED_DATA\3D\3DImages\training_images\training_images\Panda\panda11\Screenshot_20241002_120032.png,2,256
F:\workspace\imagery2024\PREPROCESSED_DATA\3D\3DImages\training_images\training_images\Panda\panda11\Screenshot_20241002_120026.png,2,257
F:\workspace\imagery2024\PREPROCESSED_DATA\3D\3DImages\training_images\training_images\Panda\panda11\Screenshot_20241002_120027.png,2,258
F:\workspace\imagery2024\PREPROCESSED_DATA\3D\3DImages\training_images\training_images\Panda\panda11\Screenshot_20241002_120033.png,2,259
F:\workspace\imagery2024\PREPROCESSED_DATA\3D\3DImages\training_images\training_images\Panda\panda11\Screenshot_20241002_120031.png,2,260
F:\workspace\imagery2024\PREPROCESSED_DATA\3D\3DImages\training_images\training_images\Panda\panda11\Screenshot_20241002_120030.png,2,261
F:\workspace\imagery2024\PREPROCESSED_DATA\3D\3DImages\training_images\training_images\Panda\panda11\Screenshot_20241002_120029.png,2,262
F:\workspace\imagery2024\PREPROCESSED_DATA\3D\3DImages\training_images\training_images\Panda\panda11\Screenshot_20241002_120028.png,2,263
F:\workspace\imagery2024\PREPROCESSED_DATA\3D\3DImages\training_images\training_images\Panda\panda10\Screenshot_20241002_114727.png,2,264
F:\workspace\imagery2024\PREPROCESSED_DATA\3D\3DImages\training_images\training_images\Panda\panda10\Screenshot_20241002_114733.png,2,265
F:\workspace\imagery2024\PREPROCESSED_DATA\3D\3DImages\training_images\training_images\Panda\panda10\Screenshot_20241002_114732.png,2,266
F:\workspace\imagery2024\PREPROCESSED_DATA\3D\3DImages\training_images\training_images\Panda\panda10\Screenshot_20241002_114726.png,2,267
F:\workspace\imagery2024\PREPROCESSED_DATA\3D\3DImages\training_images\training_images\Panda\panda10\Screenshot_20241002_114730.png,2,268
F:\workspace\imagery2024\PREPROCESSED_DATA\3D\3DImages\training_images\training_images\Panda\panda10\Screenshot_20241002_114731.png,2,269
F:\workspace\imagery2024\PREPROCESSED_DATA\3D\3DImages\training_images\training_images\Panda\panda10\Screenshot_20241002_114728.png,2,270
F:\workspace\imagery2024\PREPROCESSED_DATA\3D\3DImages\training_images\training_images\Panda\panda10\Screenshot_20241002_114729.png,2,271
F:\workspace\imagery2024\PREPROCESSED_DATA\3D\3DImages\training_images\training_images\Panda\panda9\Screenshot_20241002_114609.png,2,272
F:\workspace\imagery2024\PREPROCESSED_DATA\3D\3DImages\training_images\training_images\Panda\panda9\Screenshot_20241002_114608.png,2,273
F:\workspace\imagery2024\PREPROCESSED_DATA\3D\3DImages\training_images\training_images\Panda\panda9\Screenshot_20241002_114611.png,2,274
F:\workspace\imagery2024\PREPROCESSED_DATA\3D\3DImages\training_images\training_images\Panda\panda9\Screenshot_20241002_114610.png,2,275
F:\workspace\imagery2024\PREPROCESSED_DATA\3D\3DImages\training_images\training_images\Panda\panda9\Screenshot_20241002_114606.png,2,276
F:\workspace\imagery2024\PREPROCESSED_DATA\3D\3DImages\training_images\training_images\Panda\panda9\Screenshot_20241002_114612.png,2,277
F:\workspace\imagery2024\PREPROCESSED_DATA\3D\3DImages\training_images\training_images\Panda\panda9\Screenshot_20241002_114613.png,2,278
F:\workspace\imagery2024\PREPROCESSED_DATA\3D\3DImages\training_images\training_images\Panda\panda9\Screenshot_20241002_114607.png,2,279
F:\workspace\imagery2024\PREPROCESSED_DATA\3D\3DImages\training_images\training_images\Panda\panda7\Screenshot_20241002_120723.png,2,280
F:\workspace\imagery2024\PREPROCESSED_DATA\3D\3DImages\training_images\training_images\Panda\panda7\Screenshot_20241002_120722.png,2,281
F:\workspace\imagery2024\PREPROCESSED_DATA\3D\3DImages\training_images\training_images\Panda\panda7\Screenshot_20241002_120720.png,2,282
F:\workspace\imagery2024\PREPROCESSED_DATA\3D\3DImages\training_images\training_images\Panda\panda7\Screenshot_20241002_120721.png,2,283
F:\workspace\imagery2024\PREPROCESSED_DATA\3D\3DImages\training_images\training_images\Panda\panda7\Screenshot_20241002_120719.png,2,284
F:\workspace\imagery2024\PREPROCESSED_DATA\3D\3DImages\training_images\training_images\Panda\panda7\Screenshot_20241002_120718.png,2,285
F:\workspace\imagery2024\PREPROCESSED_DATA\3D\3DImages\training_images\training_images\Panda\panda7\Screenshot_20241002_120716.png,2,286
F:\workspace\imagery2024\PREPROCESSED_DATA\3D\3DImages\training_images\training_images\Panda\panda7\Screenshot_20241002_120717.png,2,287
F:\workspace\imagery2024\PREPROCESSED_DATA\3D\3DImages\training_images\training_images\Panda\panda1\Screenshot_20241002_115248.png,2,288
F:\workspace\imagery2024\PREPROCESSED_DATA\3D\3DImages\training_images\training_images\Panda\panda1\Screenshot_20241002_115249.png,2,289
F:\workspace\imagery2024\PREPROCESSED_DATA\3D\3DImages\training_images\training_images\Panda\panda1\Screenshot_20241002_115247.png,2,290
F:\workspace\imagery2024\PREPROCESSED_DATA\3D\3DImages\training_images\training_images\Panda\panda1\Screenshot_20241002_115253.png,2,291
F:\workspace\imagery2024\PREPROCESSED_DATA\3D\3DImages\training_images\training_images\Panda\panda1\Screenshot_20241002_115252.png,2,292
F:\workspace\imagery2024\PREPROCESSED_DATA\3D\3DImages\training_images\training_images\Panda\panda1\Screenshot_20241002_115246.png,2,293
F:\workspace\imagery2024\PREPROCESSED_DATA\3D\3DImages\training_images\training_images\Panda\panda1\Screenshot_20241002_115250.png,2,294
F:\workspace\imagery2024\PREPROCESSED_DATA\3D\3DImages\training_images\training_images\Panda\panda1\Screenshot_20241002_115251.png,2,295
F:\workspace\imagery2024\PREPROCESSED_DATA\3D\3DImages\training_images\training_images\Panda\panda6\Screenshot_20241002_114900.png,2,296
F:\workspace\imagery2024\PREPROCESSED_DATA\3D\3DImages\training_images\training_images\Panda\panda6\Screenshot_20241002_114901.png,2,297
F:\workspace\imagery2024\PREPROCESSED_DATA\3D\3DImages\training_images\training_images\Panda\panda6\Screenshot_20241002_114903.png,2,298
F:\workspace\imagery2024\PREPROCESSED_DATA\3D\3DImages\training_images\training_images\Panda\panda6\Screenshot_20241002_114902.png,2,299
F:\workspace\imagery2024\PREPROCESSED_DATA\3D\3DImages\training_images\training_images\Panda\panda6\Screenshot_20241002_114859.png,2,300
F:\workspace\imagery2024\PREPROCESSED_DATA\3D\3DImages\training_images\training_images\Panda\panda6\Screenshot_20241002_114858.png,2,301
F:\workspace\imagery2024\PREPROCESSED_DATA\3D\3DImages\training_images\training_images\Panda\panda6\Screenshot_20241002_114856.png,2,302
F:\workspace\imagery2024\PREPROCESSED_DATA\3D\3DImages\training_images\training_images\Panda\panda6\Screenshot_20241002_114857.png,2,303
F:\workspace\imagery2024\PREPROCESSED_DATA\3D\3DImages\training_images\training_images\Panda\panda8\Screenshot_20241002_114803.png,2,304
F:\workspace\imagery2024\PREPROCESSED_DATA\3D\3DImages\training_images\training_images\Panda\panda8\Screenshot_20241002_114802.png,2,305
F:\workspace\imagery2024\PREPROCESSED_DATA\3D\3DImages\training_images\training_images\Panda\panda8\Screenshot_20241002_114800.png,2,306
F:\workspace\imagery2024\PREPROCESSED_DATA\3D\3DImages\training_images\training_images\Panda\panda8\Screenshot_20241002_114801.png,2,307
F:\workspace\imagery2024\PREPROCESSED_DATA\3D\3DImages\training_images\training_images\Panda\panda8\Screenshot_20241002_114756.png,2,308
F:\workspace\imagery2024\PREPROCESSED_DATA\3D\3DImages\training_images\training_images\Panda\panda8\Screenshot_20241002_114757.png,2,309
F:\workspace\imagery2024\PREPROCESSED_DATA\3D\3DImages\training_images\training_images\Panda\panda8\Screenshot_20241002_114759.png,2,310
F:\workspace\imagery2024\PREPROCESSED_DATA\3D\3DImages\training_images\training_images\Panda\panda8\Screenshot_20241002_114758.png,2,311
F:\workspace\imagery2024\PREPROCESSED_DATA\3D\3DImages\training_images\training_images\Tiger\tiger1\Screenshot_20241002_114917.png,5,312
F:\workspace\imagery2024\PREPROCESSED_DATA\3D\3DImages\training_images\training_images\Tiger\tiger1\Screenshot_20241002_114916.png,5,313
F:\workspace\imagery2024\PREPROCESSED_DATA\3D\3DImages\training_images\training_images\Tiger\tiger1\Screenshot_20241002_114921.png,5,314
F:\workspace\imagery2024\PREPROCESSED_DATA\3D\3DImages\training_images\training_images\Tiger\tiger1\Screenshot_20241002_114920.png,5,315
F:\workspace\imagery2024\PREPROCESSED_DATA\3D\3DImages\training_images\training_images\Tiger\tiger1\Screenshot_20241002_114922.png,5,316
F:\workspace\imagery2024\PREPROCESSED_DATA\3D\3DImages\training_images\training_images\Tiger\tiger1\Screenshot_20241002_114923.png,5,317
F:\workspace\imagery2024\PREPROCESSED_DATA\3D\3DImages\training_images\training_images\Tiger\tiger1\Screenshot_20241002_114918.png,5,318
F:\workspace\imagery2024\PREPROCESSED_DATA\3D\3DImages\training_images\training_images\Tiger\tiger1\Screenshot_20241002_114919.png,5,319
F:\workspace\imagery2024\PREPROCESSED_DATA\3D\3DImages\training_images\training_images\Tiger\tiger11\Screenshot_20241002_115658.png,5,320
F:\workspace\imagery2024\PREPROCESSED_DATA\3D\3DImages\training_images\training_images\Tiger\tiger11\Screenshot_20241002_115659.png,5,321
F:\workspace\imagery2024\PREPROCESSED_DATA\3D\3DImages\training_images\training_images\Tiger\tiger11\Screenshot_20241002_115702.png,5,322
F:\workspace\imagery2024\PREPROCESSED_DATA\3D\3DImages\training_images\training_images\Tiger\tiger11\Screenshot_20241002_115703.png,5,323
F:\workspace\imagery2024\PREPROCESSED_DATA\3D\3DImages\training_images\training_images\Tiger\tiger11\Screenshot_20241002_115701.png,5,324
F:\workspace\imagery2024\PREPROCESSED_DATA\3D\3DImages\training_images\training_images\Tiger\tiger11\Screenshot_20241002_115700.png,5,325
F:\workspace\imagery2024\PREPROCESSED_DATA\3D\3DImages\training_images\training_images\Tiger\tiger11\Screenshot_20241002_115657.png,5,326
F:\workspace\imagery2024\PREPROCESSED_DATA\3D\3DImages\training_images\training_images\Tiger\tiger11\Screenshot_20241002_115656.png,5,327
F:\workspace\imagery2024\PREPROCESSED_DATA\3D\3DImages\training_images\training_images\Tiger\tiger6\Screenshot_20241002_115339.png,5,328
F:\workspace\imagery2024\PREPROCESSED_DATA\3D\3DImages\training_images\training_images\Tiger\tiger6\Screenshot_20241002_115338.png,5,329
F:\workspace\imagery2024\PREPROCESSED_DATA\3D\3DImages\training_images\training_images\Tiger\tiger6\Screenshot_20241002_115336.png,5,330
F:\workspace\imagery2024\PREPROCESSED_DATA\3D\3DImages\training_images\training_images\Tiger\tiger6\Screenshot_20241002_115337.png,5,331
F:\workspace\imagery2024\PREPROCESSED_DATA\3D\3DImages\training_images\training_images\Tiger\tiger6\Screenshot_20241002_115342.png,5,332
F:\workspace\imagery2024\PREPROCESSED_DATA\3D\3DImages\training_images\training_images\Tiger\tiger6\Screenshot_20241002_115343.png,5,333
F:\workspace\imagery2024\PREPROCESSED_DATA\3D\3DImages\training_images\training_images\Tiger\tiger6\Screenshot_20241002_115341.png,5,334
F:\workspace\imagery2024\PREPROCESSED_DATA\3D\3DImages\training_images\training_images\Tiger\tiger6\Screenshot_20241002_115340.png,5,335
F:\workspace\imagery2024\PREPROCESSED_DATA\3D\3DImages\training_images\training_images\Tiger\tiger8\Screenshot_20241002_115007.png,5,336
F:\workspace\imagery2024\PREPROCESSED_DATA\3D\3DImages\training_images\training_images\Tiger\tiger8\Screenshot_20241002_115013.png,5,337
F:\workspace\imagery2024\PREPROCESSED_DATA\3D\3DImages\training_images\training_images\Tiger\tiger8\Screenshot_20241002_115012.png,5,338
F:\workspace\imagery2024\PREPROCESSED_DATA\3D\3DImages\training_images\training_images\Tiger\tiger8\Screenshot_20241002_115006.png,5,339
F:\workspace\imagery2024\PREPROCESSED_DATA\3D\3DImages\training_images\training_images\Tiger\tiger8\Screenshot_20241002_115010.png,5,340
F:\workspace\imagery2024\PREPROCESSED_DATA\3D\3DImages\training_images\training_images\Tiger\tiger8\Screenshot_20241002_115011.png,5,341
F:\workspace\imagery2024\PREPROCESSED_DATA\3D\3DImages\training_images\training_images\Tiger\tiger8\Screenshot_20241002_115008.png,5,342
F:\workspace\imagery2024\PREPROCESSED_DATA\3D\3DImages\training_images\training_images\Tiger\tiger8\Screenshot_20241002_115009.png,5,343
F:\workspace\imagery2024\PREPROCESSED_DATA\3D\3DImages\training_images\training_images\Tiger\tiger9\Screenshot_20241002_114928.png,5,344
F:\workspace\imagery2024\PREPROCESSED_DATA\3D\3DImages\training_images\training_images\Tiger\tiger9\Screenshot_20241002_114929.png,5,345
F:\workspace\imagery2024\PREPROCESSED_DATA\3D\3DImages\training_images\training_images\Tiger\tiger9\Screenshot_20241002_114933.png,5,346
F:\workspace\imagery2024\PREPROCESSED_DATA\3D\3DImages\training_images\training_images\Tiger\tiger9\Screenshot_20241002_114927.png,5,347
F:\workspace\imagery2024\PREPROCESSED_DATA\3D\3DImages\training_images\training_images\Tiger\tiger9\Screenshot_20241002_114926.png,5,348
F:\workspace\imagery2024\PREPROCESSED_DATA\3D\3DImages\training_images\training_images\Tiger\tiger9\Screenshot_20241002_114932.png,5,349
F:\workspace\imagery2024\PREPROCESSED_DATA\3D\3DImages\training_images\training_images\Tiger\tiger9\Screenshot_20241002_114930.png,5,350
F:\workspace\imagery2024\PREPROCESSED_DATA\3D\3DImages\training_images\training_images\Tiger\tiger9\Screenshot_20241002_114931.png,5,351
F:\workspace\imagery2024\PREPROCESSED_DATA\3D\3DImages\training_images\training_images\Tiger\tiger10\Screenshot_20241002_115102.png,5,352
F:\workspace\imagery2024\PREPROCESSED_DATA\3D\3DImages\training_images\training_images\Tiger\tiger10\Screenshot_20241002_115103.png,5,353
F:\workspace\imagery2024\PREPROCESSED_DATA\3D\3DImages\training_images\training_images\Tiger\tiger10\Screenshot_20241002_115101.png,5,354
F:\workspace\imagery2024\PREPROCESSED_DATA\3D\3DImages\training_images\training_images\Tiger\tiger10\Screenshot_20241002_115100.png,5,355
F:\workspace\imagery2024\PREPROCESSED_DATA\3D\3DImages\training_images\training_images\Tiger\tiger10\Screenshot_20241002_115058.png,5,356
F:\workspace\imagery2024\PREPROCESSED_DATA\3D\3DImages\training_images\training_images\Tiger\tiger10\Screenshot_20241002_115059.png,5,357
F:\workspace\imagery2024\PREPROCESSED_DATA\3D\3DImages\training_images\training_images\Tiger\tiger10\Screenshot_20241002_115057.png,5,358
F:\workspace\imagery2024\PREPROCESSED_DATA\3D\3DImages\training_images\training_images\Tiger\tiger10\Screenshot_20241002_115056.png,5,359
F:\workspace\imagery2024\PREPROCESSED_DATA\3D\3DImages\training_images\training_images\Tiger\tiger7\Screenshot_20241002_114656.png,5,360
F:\workspace\imagery2024\PREPROCESSED_DATA\3D\3DImages\training_images\training_images\Tiger\tiger7\Screenshot_20241002_114657.png,5,361
F:\workspace\imagery2024\PREPROCESSED_DATA\3D\3DImages\training_images\training_images\Tiger\tiger7\Screenshot_20241002_114659.png,5,362
F:\workspace\imagery2024\PREPROCESSED_DATA\3D\3DImages\training_images\training_images\Tiger\tiger7\Screenshot_20241002_114658.png,5,363
F:\workspace\imagery2024\PREPROCESSED_DATA\3D\3DImages\training_images\training_images\Tiger\tiger7\Screenshot_20241002_114700.png,5,364
F:\workspace\imagery2024\PREPROCESSED_DATA\3D\3DImages\training_images\training_images\Tiger\tiger7\Screenshot_20241002_114701.png,5,365
F:\workspace\imagery2024\PREPROCESSED_DATA\3D\3DImages\training_images\training_images\Tiger\tiger7\Screenshot_20241002_114703.png,5,366
F:\workspace\imagery2024\PREPROCESSED_DATA\3D\3DImages\training_images\training_images\Tiger\tiger7\Screenshot_20241002_114702.png,5,367
F:\workspace\imagery2024\PREPROCESSED_DATA\3D\3DImages\training_images\training_images\Tiger\tiger12\Screenshot_20241002_114736.png,5,368
F:\workspace\imagery2024\PREPROCESSED_DATA\3D\3DImages\training_images\training_images\Tiger\tiger12\Screenshot_20241002_114737.png,5,369
F:\workspace\imagery2024\PREPROCESSED_DATA\3D\3DImages\training_images\training_images\Tiger\tiger12\Screenshot_20241002_114742.png,5,370
F:\workspace\imagery2024\PREPROCESSED_DATA\3D\3DImages\training_images\training_images\Tiger\tiger12\Screenshot_20241002_114743.png,5,371
F:\workspace\imagery2024\PREPROCESSED_DATA\3D\3DImages\training_images\training_images\Tiger\tiger12\Screenshot_20241002_114741.png,5,372
F:\workspace\imagery2024\PREPROCESSED_DATA\3D\3DImages\training_images\training_images\Tiger\tiger12\Screenshot_20241002_114740.png,5,373
F:\workspace\imagery2024\PREPROCESSED_DATA\3D\3DImages\training_images\training_images\Tiger\tiger12\Screenshot_20241002_114739.png,5,374
F:\workspace\imagery2024\PREPROCESSED_DATA\3D\3DImages\training_images\training_images\Tiger\tiger12\Screenshot_20241002_114738.png,5,375
F:\workspace\imagery2024\PREPROCESSED_DATA\3D\3DImages\training_images\training_images\Tiger\tiger5\Screenshot_20241002_115607.png,5,376
F:\workspace\imagery2024\PREPROCESSED_DATA\3D\3DImages\training_images\training_images\Tiger\tiger5\Screenshot_20241002_115613.png,5,377
F:\workspace\imagery2024\PREPROCESSED_DATA\3D\3DImages\training_images\training_images\Tiger\tiger5\Screenshot_20241002_115612.png,5,378
F:\workspace\imagery2024\PREPROCESSED_DATA\3D\3DImages\training_images\training_images\Tiger\tiger5\Screenshot_20241002_115606.png,5,379
F:\workspace\imagery2024\PREPROCESSED_DATA\3D\3DImages\training_images\training_images\Tiger\tiger5\Screenshot_20241002_115610.png,5,380
F:\workspace\imagery2024\PREPROCESSED_DATA\3D\3DImages\training_images\training_images\Tiger\tiger5\Screenshot_20241002_115611.png,5,381
F:\workspace\imagery2024\PREPROCESSED_DATA\3D\3DImages\training_images\training_images\Tiger\tiger5\Screenshot_20241002_115608.png,5,382
F:\workspace\imagery2024\PREPROCESSED_DATA\3D\3DImages\training_images\training_images\Tiger\tiger5\Screenshot_20241002_115609.png,5,383
F:\workspace\imagery2024\PREPROCESSED_DATA\3D\3DImages\training_images\training_images\Tiger\tiger2\Screenshot_20241002_114718.png,5,384
F:\workspace\imagery2024\PREPROCESSED_DATA\3D\3DImages\training_images\training_images\Tiger\tiger2\Screenshot_20241002_114719.png,5,385
F:\workspace\imagery2024\PREPROCESSED_DATA\3D\3DImages\training_images\training_images\Tiger\tiger2\Screenshot_20241002_114721.png,5,386
F:\workspace\imagery2024\PREPROCESSED_DATA\3D\3DImages\training_images\training_images\Tiger\tiger2\Screenshot_20241002_114720.png,5,387
F:\workspace\imagery2024\PREPROCESSED_DATA\3D\3DImages\training_images\training_images\Tiger\tiger2\Screenshot_20241002_114722.png,5,388
F:\workspace\imagery2024\PREPROCESSED_DATA\3D\3DImages\training_images\training_images\Tiger\tiger2\Screenshot_20241002_114723.png,5,389
F:\workspace\imagery2024\PREPROCESSED_DATA\3D\3DImages\training_images\training_images\Tiger\tiger2\Screenshot_20241002_114717.png,5,390
F:\workspace\imagery2024\PREPROCESSED_DATA\3D\3DImages\training_images\training_images\Tiger\tiger2\Screenshot_20241002_114716.png,5,391
F:\workspace\imagery2024\PREPROCESSED_DATA\3D\3DImages\training_images\training_images\Tiger\tiger3\Screenshot_20241002_120556.png,5,392
F:\workspace\imagery2024\PREPROCESSED_DATA\3D\3DImages\training_images\training_images\Tiger\tiger3\Screenshot_20241002_120557.png,5,393
F:\workspace\imagery2024\PREPROCESSED_DATA\3D\3DImages\training_images\training_images\Tiger\tiger3\Screenshot_20241002_120601.png,5,394
F:\workspace\imagery2024\PREPROCESSED_DATA\3D\3DImages\training_images\training_images\Tiger\tiger3\Screenshot_20241002_120600.png,5,395
F:\workspace\imagery2024\PREPROCESSED_DATA\3D\3DImages\training_images\training_images\Tiger\tiger3\Screenshot_20241002_120602.png,5,396
F:\workspace\imagery2024\PREPROCESSED_DATA\3D\3DImages\training_images\training_images\Tiger\tiger3\Screenshot_20241002_120603.png,5,397
F:\workspace\imagery2024\PREPROCESSED_DATA\3D\3DImages\training_images\training_images\Tiger\tiger3\Screenshot_20241002_120559.png,5,398
F:\workspace\imagery2024\PREPROCESSED_DATA\3D\3DImages\training_images\training_images\Tiger\tiger3\Screenshot_20241002_120558.png,5,399
F:\workspace\imagery2024\PREPROCESSED_DATA\3D\3DImages\training_images\training_images\Tiger\tiger13\Screenshot_20241002_120146.png,5,400
F:\workspace\imagery2024\PREPROCESSED_DATA\3D\3DImages\training_images\training_images\Tiger\tiger13\Screenshot_20241002_120152.png,5,401
F:\workspace\imagery2024\PREPROCESSED_DATA\3D\3DImages\training_images\training_images\Tiger\tiger13\Screenshot_20241002_120153.png,5,402
F:\workspace\imagery2024\PREPROCESSED_DATA\3D\3DImages\training_images\training_images\Tiger\tiger13\Screenshot_20241002_120147.png,5,403
F:\workspace\imagery2024\PREPROCESSED_DATA\3D\3DImages\training_images\training_images\Tiger\tiger13\Screenshot_20241002_120151.png,5,404
F:\workspace\imagery2024\PREPROCESSED_DATA\3D\3DImages\training_images\training_images\Tiger\tiger13\Screenshot_20241002_120150.png,5,405
F:\workspace\imagery2024\PREPROCESSED_DATA\3D\3DImages\training_images\training_images\Tiger\tiger13\Screenshot_20241002_120149.png,5,406
F:\workspace\imagery2024\PREPROCESSED_DATA\3D\3DImages\training_images\training_images\Tiger\tiger13\Screenshot_20241002_120148.png,5,407
F:\workspace\imagery2024\PREPROCESSED_DATA\3D\3DImages\training_images\training_images\Tiger\tiger4\Screenshot_20241002_114817.png,5,408
F:\workspace\imagery2024\PREPROCESSED_DATA\3D\3DImages\training_images\training_images\Tiger\tiger4\Screenshot_20241002_114816.png,5,409
F:\workspace\imagery2024\PREPROCESSED_DATA\3D\3DImages\training_images\training_images\Tiger\tiger4\Screenshot_20241002_114822.png,5,410
F:\workspace\imagery2024\PREPROCESSED_DATA\3D\3DImages\training_images\training_images\Tiger\tiger4\Screenshot_20241002_114823.png,5,411
F:\workspace\imagery2024\PREPROCESSED_DATA\3D\3DImages\training_images\training_images\Tiger\tiger4\Screenshot_20241002_114821.png,5,412
F:\workspace\imagery2024\PREPROCESSED_DATA\3D\3DImages\training_images\training_images\Tiger\tiger4\Screenshot_20241002_114820.png,5,413
F:\workspace\imagery2024\PREPROCESSED_DATA\3D\3DImages\training_images\training_images\Tiger\tiger4\Screenshot_20241002_114818.png,5,414
F:\workspace\imagery2024\PREPROCESSED_DATA\3D\3DImages\training_images\training_images\Tiger\tiger4\Screenshot_20241002_114819.png,5,415
F:\workspace\imagery2024\PREPROCESSED_DATA\3D\3DImages\training_images\training_images\Basketball\basketball8\Screenshot_20241002_115638.png,3,416
F:\workspace\imagery2024\PREPROCESSED_DATA\3D\3DImages\training_images\training_images\Basketball\basketball8\Screenshot_20241002_115639.png,3,417
F:\workspace\imagery2024\PREPROCESSED_DATA\3D\3DImages\training_images\training_images\Basketball\basketball8\Screenshot_20241002_115643.png,3,418
F:\workspace\imagery2024\PREPROCESSED_DATA\3D\3DImages\training_images\training_images\Basketball\basketball8\Screenshot_20241002_115642.png,3,419
F:\workspace\imagery2024\PREPROCESSED_DATA\3D\3DImages\training_images\training_images\Basketball\basketball8\Screenshot_20241002_115640.png,3,420
F:\workspace\imagery2024\PREPROCESSED_DATA\3D\3DImages\training_images\training_images\Basketball\basketball8\Screenshot_20241002_115641.png,3,421
F:\workspace\imagery2024\PREPROCESSED_DATA\3D\3DImages\training_images\training_images\Basketball\basketball8\Screenshot_20241002_115637.png,3,422
F:\workspace\imagery2024\PREPROCESSED_DATA\3D\3DImages\training_images\training_images\Basketball\basketball8\Screenshot_20241002_115636.png,3,423
F:\workspace\imagery2024\PREPROCESSED_DATA\3D\3DImages\training_images\training_images\Basketball\basketball6\Screenshot_20241002_115459.png,3,424
F:\workspace\imagery2024\PREPROCESSED_DATA\3D\3DImages\training_images\training_images\Basketball\basketball6\Screenshot_20241002_115458.png,3,425
F:\workspace\imagery2024\PREPROCESSED_DATA\3D\3DImages\training_images\training_images\Basketball\basketball6\Screenshot_20241002_115500.png,3,426
F:\workspace\imagery2024\PREPROCESSED_DATA\3D\3DImages\training_images\training_images\Basketball\basketball6\Screenshot_20241002_115501.png,3,427
F:\workspace\imagery2024\PREPROCESSED_DATA\3D\3DImages\training_images\training_images\Basketball\basketball6\Screenshot_20241002_115503.png,3,428
F:\workspace\imagery2024\PREPROCESSED_DATA\3D\3DImages\training_images\training_images\Basketball\basketball6\Screenshot_20241002_115502.png,3,429
F:\workspace\imagery2024\PREPROCESSED_DATA\3D\3DImages\training_images\training_images\Basketball\basketball6\Screenshot_20241002_115456.png,3,430
F:\workspace\imagery2024\PREPROCESSED_DATA\3D\3DImages\training_images\training_images\Basketball\basketball6\Screenshot_20241002_115457.png,3,431
F:\workspace\imagery2024\PREPROCESSED_DATA\3D\3DImages\training_images\training_images\Basketball\basketball1\Screenshot_20241002_115348.png,3,432
F:\workspace\imagery2024\PREPROCESSED_DATA\3D\3DImages\training_images\training_images\Basketball\basketball1\Screenshot_20241002_115349.png,3,433
F:\workspace\imagery2024\PREPROCESSED_DATA\3D\3DImages\training_images\training_images\Basketball\basketball1\Screenshot_20241002_115350.png,3,434
F:\workspace\imagery2024\PREPROCESSED_DATA\3D\3DImages\training_images\training_images\Basketball\basketball1\Screenshot_20241002_115351.png,3,435
F:\workspace\imagery2024\PREPROCESSED_DATA\3D\3DImages\training_images\training_images\Basketball\basketball1\Screenshot_20241002_115347.png,3,436
F:\workspace\imagery2024\PREPROCESSED_DATA\3D\3DImages\training_images\training_images\Basketball\basketball1\Screenshot_20241002_115353.png,3,437
F:\workspace\imagery2024\PREPROCESSED_DATA\3D\3DImages\training_images\training_images\Basketball\basketball1\Screenshot_20241002_115352.png,3,438
F:\workspace\imagery2024\PREPROCESSED_DATA\3D\3DImages\training_images\training_images\Basketball\basketball1\Screenshot_20241002_115346.png,3,439
F:\workspace\imagery2024\PREPROCESSED_DATA\3D\3DImages\training_images\training_images\Basketball\basketball7\Screenshot_20241002_121258.png,3,440
F:\workspace\imagery2024\PREPROCESSED_DATA\3D\3DImages\training_images\training_images\Basketball\basketball7\Screenshot_20241002_121259.png,3,441
F:\workspace\imagery2024\PREPROCESSED_DATA\3D\3DImages\training_images\training_images\Basketball\basketball7\Screenshot_20241002_121302.png,3,442
F:\workspace\imagery2024\PREPROCESSED_DATA\3D\3DImages\training_images\training_images\Basketball\basketball7\Screenshot_20241002_121303.png,3,443
F:\workspace\imagery2024\PREPROCESSED_DATA\3D\3DImages\training_images\training_images\Basketball\basketball7\Screenshot_20241002_121301.png,3,444
F:\workspace\imagery2024\PREPROCESSED_DATA\3D\3DImages\training_images\training_images\Basketball\basketball7\Screenshot_20241002_121300.png,3,445
F:\workspace\imagery2024\PREPROCESSED_DATA\3D\3DImages\training_images\training_images\Basketball\basketball7\Screenshot_20241002_121257.png,3,446
F:\workspace\imagery2024\PREPROCESSED_DATA\3D\3DImages\training_images\training_images\Basketball\basketball7\Screenshot_20241002_121256.png,3,447
F:\workspace\imagery2024\PREPROCESSED_DATA\3D\3DImages\training_images\training_images\Basketball\basketball9\Screenshot_20241002_115029.png,3,448
F:\workspace\imagery2024\PREPROCESSED_DATA\3D\3DImages\training_images\training_images\Basketball\basketball9\Screenshot_20241002_115028.png,3,449
F:\workspace\imagery2024\PREPROCESSED_DATA\3D\3DImages\training_images\training_images\Basketball\basketball9\Screenshot_20241002_115026.png,3,450
F:\workspace\imagery2024\PREPROCESSED_DATA\3D\3DImages\training_images\training_images\Basketball\basketball9\Screenshot_20241002_115032.png,3,451
F:\workspace\imagery2024\PREPROCESSED_DATA\3D\3DImages\training_images\training_images\Basketball\basketball9\Screenshot_20241002_115033.png,3,452
F:\workspace\imagery2024\PREPROCESSED_DATA\3D\3DImages\training_images\training_images\Basketball\basketball9\Screenshot_20241002_115027.png,3,453
F:\workspace\imagery2024\PREPROCESSED_DATA\3D\3DImages\training_images\training_images\Basketball\basketball9\Screenshot_20241002_115031.png,3,454
F:\workspace\imagery2024\PREPROCESSED_DATA\3D\3DImages\training_images\training_images\Basketball\basketball9\Screenshot_20241002_115030.png,3,455
F:\workspace\imagery2024\PREPROCESSED_DATA\3D\3DImages\training_images\training_images\Basketball\basketball13\Screenshot_20241002_115116.png,3,456
F:\workspace\imagery2024\PREPROCESSED_DATA\3D\3DImages\training_images\training_images\Basketball\basketball13\Screenshot_20241002_115117.png,3,457
F:\workspace\imagery2024\PREPROCESSED_DATA\3D\3DImages\training_images\training_images\Basketball\basketball13\Screenshot_20241002_115123.png,3,458
F:\workspace\imagery2024\PREPROCESSED_DATA\3D\3DImages\training_images\training_images\Basketball\basketball13\Screenshot_20241002_115122.png,3,459
F:\workspace\imagery2024\PREPROCESSED_DATA\3D\3DImages\training_images\training_images\Basketball\basketball13\Screenshot_20241002_115120.png,3,460
F:\workspace\imagery2024\PREPROCESSED_DATA\3D\3DImages\training_images\training_images\Basketball\basketball13\Screenshot_20241002_115121.png,3,461
F:\workspace\imagery2024\PREPROCESSED_DATA\3D\3DImages\training_images\training_images\Basketball\basketball13\Screenshot_20241002_115119.png,3,462
F:\workspace\imagery2024\PREPROCESSED_DATA\3D\3DImages\training_images\training_images\Basketball\basketball13\Screenshot_20241002_115118.png,3,463
F:\workspace\imagery2024\PREPROCESSED_DATA\3D\3DImages\training_images\training_images\Basketball\basketball12\Screenshot_20241002_115749.png,3,464
F:\workspace\imagery2024\PREPROCESSED_DATA\3D\3DImages\training_images\training_images\Basketball\basketball12\Screenshot_20241002_115748.png,3,465
F:\workspace\imagery2024\PREPROCESSED_DATA\3D\3DImages\training_images\training_images\Basketball\basketball12\Screenshot_20241002_115752.png,3,466
F:\workspace\imagery2024\PREPROCESSED_DATA\3D\3DImages\training_images\training_images\Basketball\basketball12\Screenshot_20241002_115746.png,3,467
F:\workspace\imagery2024\PREPROCESSED_DATA\3D\3DImages\training_images\training_images\Basketball\basketball12\Screenshot_20241002_115747.png,3,468
F:\workspace\imagery2024\PREPROCESSED_DATA\3D\3DImages\training_images\training_images\Basketball\basketball12\Screenshot_20241002_115753.png,3,469
F:\workspace\imagery2024\PREPROCESSED_DATA\3D\3DImages\training_images\training_images\Basketball\basketball12\Screenshot_20241002_115751.png,3,470
F:\workspace\imagery2024\PREPROCESSED_DATA\3D\3DImages\training_images\training_images\Basketball\basketball12\Screenshot_20241002_115750.png,3,471
F:\workspace\imagery2024\PREPROCESSED_DATA\3D\3DImages\training_images\training_images\Basketball\basketball2\Screenshot_20241002_120536.png,3,472
F:\workspace\imagery2024\PREPROCESSED_DATA\3D\3DImages\training_images\training_images\Basketball\basketball2\Screenshot_20241002_120537.png,3,473
F:\workspace\imagery2024\PREPROCESSED_DATA\3D\3DImages\training_images\training_images\Basketball\basketball2\Screenshot_20241002_120542.png,3,474
F:\workspace\imagery2024\PREPROCESSED_DATA\3D\3DImages\training_images\training_images\Basketball\basketball2\Screenshot_20241002_120543.png,3,475
F:\workspace\imagery2024\PREPROCESSED_DATA\3D\3DImages\training_images\training_images\Basketball\basketball2\Screenshot_20241002_120541.png,3,476
F:\workspace\imagery2024\PREPROCESSED_DATA\3D\3DImages\training_images\training_images\Basketball\basketball2\Screenshot_20241002_120540.png,3,477
F:\workspace\imagery2024\PREPROCESSED_DATA\3D\3DImages\training_images\training_images\Basketball\basketball2\Screenshot_20241002_120539.png,3,478
F:\workspace\imagery2024\PREPROCESSED_DATA\3D\3DImages\training_images\training_images\Basketball\basketball2\Screenshot_20241002_120538.png,3,479
F:\workspace\imagery2024\PREPROCESSED_DATA\3D\3DImages\training_images\training_images\Basketball\basketball5\Screenshot_20241002_114939.png,3,480
F:\workspace\imagery2024\PREPROCESSED_DATA\3D\3DImages\training_images\training_images\Basketball\basketball5\Screenshot_20241002_114938.png,3,481
F:\workspace\imagery2024\PREPROCESSED_DATA\3D\3DImages\training_images\training_images\Basketball\basketball5\Screenshot_20241002_114942.png,3,482
F:\workspace\imagery2024\PREPROCESSED_DATA\3D\3DImages\training_images\training_images\Basketball\basketball5\Screenshot_20241002_114943.png,3,483
F:\workspace\imagery2024\PREPROCESSED_DATA\3D\3DImages\training_images\training_images\Basketball\basketball5\Screenshot_20241002_114941.png,3,484
F:\workspace\imagery2024\PREPROCESSED_DATA\3D\3DImages\training_images\training_images\Basketball\basketball5\Screenshot_20241002_114940.png,3,485
F:\workspace\imagery2024\PREPROCESSED_DATA\3D\3DImages\training_images\training_images\Basketball\basketball5\Screenshot_20241002_114936.png,3,486
F:\workspace\imagery2024\PREPROCESSED_DATA\3D\3DImages\training_images\training_images\Basketball\basketball5\Screenshot_20241002_114937.png,3,487
F:\workspace\imagery2024\PREPROCESSED_DATA\3D\3DImages\training_images\training_images\Basketball\basketball4\Screenshot_20241002_114557.png,3,488
F:\workspace\imagery2024\PREPROCESSED_DATA\3D\3DImages\training_images\training_images\Basketball\basketball4\Screenshot_20241002_114556.png,3,489
F:\workspace\imagery2024\PREPROCESSED_DATA\3D\3DImages\training_images\training_images\Basketball\basketball4\Screenshot_20241002_114558.png,3,490
F:\workspace\imagery2024\PREPROCESSED_DATA\3D\3DImages\training_images\training_images\Basketball\basketball4\Screenshot_20241002_114559.png,3,491
F:\workspace\imagery2024\PREPROCESSED_DATA\3D\3DImages\training_images\training_images\Basketball\basketball4\Screenshot_20241002_114603.png,3,492
F:\workspace\imagery2024\PREPROCESSED_DATA\3D\3DImages\training_images\training_images\Basketball\basketball4\Screenshot_20241002_114602.png,3,493
F:\workspace\imagery2024\PREPROCESSED_DATA\3D\3DImages\training_images\training_images\Basketball\basketball4\Screenshot_20241002_114600.png,3,494
F:\workspace\imagery2024\PREPROCESSED_DATA\3D\3DImages\training_images\training_images\Basketball\basketball4\Screenshot_20241002_114601.png,3,495
F:\workspace\imagery2024\PREPROCESSED_DATA\3D\3DImages\training_images\training_images\Basketball\basketball3\Screenshot_20241002_115211.png,3,496
F:\workspace\imagery2024\PREPROCESSED_DATA\3D\3DImages\training_images\training_images\Basketball\basketball3\Screenshot_20241002_115210.png,3,497
F:\workspace\imagery2024\PREPROCESSED_DATA\3D\3DImages\training_images\training_images\Basketball\basketball3\Screenshot_20241002_115212.png,3,498
F:\workspace\imagery2024\PREPROCESSED_DATA\3D\3DImages\training_images\training_images\Basketball\basketball3\Screenshot_20241002_115206.png,3,499
F:\workspace\imagery2024\PREPROCESSED_DATA\3D\3DImages\training_images\training_images\Basketball\basketball3\Screenshot_20241002_115207.png,3,500
F:\workspace\imagery2024\PREPROCESSED_DATA\3D\3DImages\training_images\training_images\Basketball\basketball3\Screenshot_20241002_115213.png,3,501
F:\workspace\imagery2024\PREPROCESSED_DATA\3D\3DImages\training_images\training_images\Basketball\basketball3\Screenshot_20241002_115209.png,3,502
F:\workspace\imagery2024\PREPROCESSED_DATA\3D\3DImages\training_images\training_images\Basketball\basketball3\Screenshot_20241002_115208.png,3,503
F:\workspace\imagery2024\PREPROCESSED_DATA\3D\3DImages\training_images\training_images\Basketball\basketball10\Screenshot_20241002_115217.png,3,504
F:\workspace\imagery2024\PREPROCESSED_DATA\3D\3DImages\training_images\training_images\Basketball\basketball10\Screenshot_20241002_115216.png,3,505
F:\workspace\imagery2024\PREPROCESSED_DATA\3D\3DImages\training_images\training_images\Basketball\basketball10\Screenshot_20241002_115222.png,3,506
F:\workspace\imagery2024\PREPROCESSED_DATA\3D\3DImages\training_images\training_images\Basketball\basketball10\Screenshot_20241002_115223.png,3,507
F:\workspace\imagery2024\PREPROCESSED_DATA\3D\3DImages\training_images\training_images\Basketball\basketball10\Screenshot_20241002_115221.png,3,508
F:\workspace\imagery2024\PREPROCESSED_DATA\3D\3DImages\training_images\training_images\Basketball\basketball10\Screenshot_20241002_115220.png,3,509
F:\workspace\imagery2024\PREPROCESSED_DATA\3D\3DImages\training_images\training_images\Basketball\basketball10\Screenshot_20241002_115218.png,3,510
F:\workspace\imagery2024\PREPROCESSED_DATA\3D\3DImages\training_images\training_images\Basketball\basketball10\Screenshot_20241002_115219.png,3,511
F:\workspace\imagery2024\PREPROCESSED_DATA\3D\3DImages\training_images\training_images\Basketball\basketball11\Screenshot_20241002_114839.png,3,512
F:\workspace\imagery2024\PREPROCESSED_DATA\3D\3DImages\training_images\training_images\Basketball\basketball11\Screenshot_20241002_114838.png,3,513
F:\workspace\imagery2024\PREPROCESSED_DATA\3D\3DImages\training_images\training_images\Basketball\basketball11\Screenshot_20241002_114836.png,3,514
F:\workspace\imagery2024\PREPROCESSED_DATA\3D\3DImages\training_images\training_images\Basketball\basketball11\Screenshot_20241002_114837.png,3,515
F:\workspace\imagery2024\PREPROCESSED_DATA\3D\3DImages\training_images\training_images\Basketball\basketball11\Screenshot_20241002_114841.png,3,516
F:\workspace\imagery2024\PREPROCESSED_DATA\3D\3DImages\training_images\training_images\Basketball\basketball11\Screenshot_20241002_114840.png,3,517
F:\workspace\imagery2024\PREPROCESSED_DATA\3D\3DImages\training_images\training_images\Basketball\basketball11\Screenshot_20241002_114842.png,3,518
F:\workspace\imagery2024\PREPROCESSED_DATA\3D\3DImages\training_images\training_images\Basketball\basketball11\Screenshot_20241002_114843.png,3,519
F:\workspace\imagery2024\PREPROCESSED_DATA\3D\3DImages\training_images\training_images\Banana\banana7\Screenshot_20241002_115001.png,0,520
F:\workspace\imagery2024\PREPROCESSED_DATA\3D\3DImages\training_images\training_images\Banana\banana7\Screenshot_20241002_115000.png,0,521
F:\workspace\imagery2024\PREPROCESSED_DATA\3D\3DImages\training_images\training_images\Banana\banana7\Screenshot_20241002_115002.png,0,522
F:\workspace\imagery2024\PREPROCESSED_DATA\3D\3DImages\training_images\training_images\Banana\banana7\Screenshot_20241002_115003.png,0,523
F:\workspace\imagery2024\PREPROCESSED_DATA\3D\3DImages\training_images\training_images\Banana\banana7\Screenshot_20241002_114959.png,0,524
F:\workspace\imagery2024\PREPROCESSED_DATA\3D\3DImages\training_images\training_images\Banana\banana7\Screenshot_20241002_114958.png,0,525
F:\workspace\imagery2024\PREPROCESSED_DATA\3D\3DImages\training_images\training_images\Banana\banana7\Screenshot_20241002_114956.png,0,526
F:\workspace\imagery2024\PREPROCESSED_DATA\3D\3DImages\training_images\training_images\Banana\banana7\Screenshot_20241002_114957.png,0,527
F:\workspace\imagery2024\PREPROCESSED_DATA\3D\3DImages\training_images\training_images\Banana\banana9\Screenshot_20241002_114912.png,0,528
F:\workspace\imagery2024\PREPROCESSED_DATA\3D\3DImages\training_images\training_images\Banana\banana9\Screenshot_20241002_114906.png,0,529
F:\workspace\imagery2024\PREPROCESSED_DATA\3D\3DImages\training_images\training_images\Banana\banana9\Screenshot_20241002_114907.png,0,530
F:\workspace\imagery2024\PREPROCESSED_DATA\3D\3DImages\training_images\training_images\Banana\banana9\Screenshot_20241002_114913.png,0,531
F:\workspace\imagery2024\PREPROCESSED_DATA\3D\3DImages\training_images\training_images\Banana\banana9\Screenshot_20241002_114911.png,0,532
F:\workspace\imagery2024\PREPROCESSED_DATA\3D\3DImages\training_images\training_images\Banana\banana9\Screenshot_20241002_114910.png,0,533
F:\workspace\imagery2024\PREPROCESSED_DATA\3D\3DImages\training_images\training_images\Banana\banana9\Screenshot_20241002_114909.png,0,534
F:\workspace\imagery2024\PREPROCESSED_DATA\3D\3DImages\training_images\training_images\Banana\banana9\Screenshot_20241002_114908.png,0,535
F:\workspace\imagery2024\PREPROCESSED_DATA\3D\3DImages\training_images\training_images\Banana\banana8\Screenshot_20241002_114811.png,0,536
F:\workspace\imagery2024\PREPROCESSED_DATA\3D\3DImages\training_images\training_images\Banana\banana8\Screenshot_20241002_114810.png,0,537
F:\workspace\imagery2024\PREPROCESSED_DATA\3D\3DImages\training_images\training_images\Banana\banana8\Screenshot_20241002_114812.png,0,538
F:\workspace\imagery2024\PREPROCESSED_DATA\3D\3DImages\training_images\training_images\Banana\banana8\Screenshot_20241002_114806.png,0,539
F:\workspace\imagery2024\PREPROCESSED_DATA\3D\3DImages\training_images\training_images\Banana\banana8\Screenshot_20241002_114807.png,0,540
F:\workspace\imagery2024\PREPROCESSED_DATA\3D\3DImages\training_images\training_images\Banana\banana8\Screenshot_20241002_114813.png,0,541
F:\workspace\imagery2024\PREPROCESSED_DATA\3D\3DImages\training_images\training_images\Banana\banana8\Screenshot_20241002_114809.png,0,542
F:\workspace\imagery2024\PREPROCESSED_DATA\3D\3DImages\training_images\training_images\Banana\banana8\Screenshot_20241002_114808.png,0,543
F:\workspace\imagery2024\PREPROCESSED_DATA\3D\3DImages\training_images\training_images\Banana\banana1\Screenshot_20241002_122309.png,0,544
F:\workspace\imagery2024\PREPROCESSED_DATA\3D\3DImages\training_images\training_images\Banana\banana1\Screenshot_20241002_120916.png,0,545
F:\workspace\imagery2024\PREPROCESSED_DATA\3D\3DImages\training_images\training_images\Banana\banana1\Screenshot_20241002_120917.png,0,546
F:\workspace\imagery2024\PREPROCESSED_DATA\3D\3DImages\training_images\training_images\Banana\banana1\Screenshot_20241002_121451.png,0,547
F:\workspace\imagery2024\PREPROCESSED_DATA\3D\3DImages\training_images\training_images\Banana\banana1\Screenshot_20241002_120919.png,0,548
F:\workspace\imagery2024\PREPROCESSED_DATA\3D\3DImages\training_images\training_images\Banana\banana1\Screenshot_20241002_120918.png,0,549
F:\workspace\imagery2024\PREPROCESSED_DATA\3D\3DImages\training_images\training_images\Banana\banana1\Screenshot_20241002_120923.png,0,550
F:\workspace\imagery2024\PREPROCESSED_DATA\3D\3DImages\training_images\training_images\Banana\banana1\Screenshot_20241002_120922.png,0,551
F:\workspace\imagery2024\PREPROCESSED_DATA\3D\3DImages\training_images\training_images\Banana\banana6\Screenshot_20241002_120441.png,0,552
F:\workspace\imagery2024\PREPROCESSED_DATA\3D\3DImages\training_images\training_images\Banana\banana6\Screenshot_20241002_120440.png,0,553
F:\workspace\imagery2024\PREPROCESSED_DATA\3D\3DImages\training_images\training_images\Banana\banana6\Screenshot_20241002_120442.png,0,554
F:\workspace\imagery2024\PREPROCESSED_DATA\3D\3DImages\training_images\training_images\Banana\banana6\Screenshot_20241002_120443.png,0,555
F:\workspace\imagery2024\PREPROCESSED_DATA\3D\3DImages\training_images\training_images\Banana\banana6\Screenshot_20241002_120436.png,0,556
F:\workspace\imagery2024\PREPROCESSED_DATA\3D\3DImages\training_images\training_images\Banana\banana6\Screenshot_20241002_120437.png,0,557
F:\workspace\imagery2024\PREPROCESSED_DATA\3D\3DImages\training_images\training_images\Banana\banana6\Screenshot_20241002_120439.png,0,558
F:\workspace\imagery2024\PREPROCESSED_DATA\3D\3DImages\training_images\training_images\Banana\banana6\Screenshot_20241002_120438.png,0,559
F:\workspace\imagery2024\PREPROCESSED_DATA\3D\3DImages\training_images\training_images\Banana\banana10\Screenshot_20241002_121502.png,0,560
F:\workspace\imagery2024\PREPROCESSED_DATA\3D\3DImages\training_images\training_images\Banana\banana10\Screenshot_20241002_121503.png,0,561
F:\workspace\imagery2024\PREPROCESSED_DATA\3D\3DImages\training_images\training_images\Banana\banana10\Screenshot_20241002_121501.png,0,562
F:\workspace\imagery2024\PREPROCESSED_DATA\3D\3DImages\training_images\training_images\Banana\banana10\Screenshot_20241002_121500.png,0,563
F:\workspace\imagery2024\PREPROCESSED_DATA\3D\3DImages\training_images\training_images\Banana\banana10\Screenshot_20241002_121458.png,0,564
F:\workspace\imagery2024\PREPROCESSED_DATA\3D\3DImages\training_images\training_images\Banana\banana10\Screenshot_20241002_121459.png,0,565
F:\workspace\imagery2024\PREPROCESSED_DATA\3D\3DImages\training_images\training_images\Banana\banana10\Screenshot_20241002_121457.png,0,566
F:\workspace\imagery2024\PREPROCESSED_DATA\3D\3DImages\training_images\training_images\Banana\banana10\Screenshot_20241002_121456.png,0,567
F:\workspace\imagery2024\PREPROCESSED_DATA\3D\3DImages\training_images\training_images\Banana\banana11\Screenshot_20241002_115110.png,0,568
F:\workspace\imagery2024\PREPROCESSED_DATA\3D\3DImages\training_images\training_images\Banana\banana11\Screenshot_20241002_115111.png,0,569
F:\workspace\imagery2024\PREPROCESSED_DATA\3D\3DImages\training_images\training_images\Banana\banana11\Screenshot_20241002_115107.png,0,570
F:\workspace\imagery2024\PREPROCESSED_DATA\3D\3DImages\training_images\training_images\Banana\banana11\Screenshot_20241002_115113.png,0,571
F:\workspace\imagery2024\PREPROCESSED_DATA\3D\3DImages\training_images\training_images\Banana\banana11\Screenshot_20241002_115112.png,0,572
F:\workspace\imagery2024\PREPROCESSED_DATA\3D\3DImages\training_images\training_images\Banana\banana11\Screenshot_20241002_115106.png,0,573
F:\workspace\imagery2024\PREPROCESSED_DATA\3D\3DImages\training_images\training_images\Banana\banana11\Screenshot_20241002_115108.png,0,574
F:\workspace\imagery2024\PREPROCESSED_DATA\3D\3DImages\training_images\training_images\Banana\banana11\Screenshot_20241002_115109.png,0,575
F:\workspace\imagery2024\PREPROCESSED_DATA\3D\3DImages\training_images\training_images\Banana\banana3\Screenshot_20241002_115149.png,0,576
F:\workspace\imagery2024\PREPROCESSED_DATA\3D\3DImages\training_images\training_images\Banana\banana3\Screenshot_20241002_115148.png,0,577
F:\workspace\imagery2024\PREPROCESSED_DATA\3D\3DImages\training_images\training_images\Banana\banana3\Screenshot_20241002_115152.png,0,578
F:\workspace\imagery2024\PREPROCESSED_DATA\3D\3DImages\training_images\training_images\Banana\banana3\Screenshot_20241002_115146.png,0,579
F:\workspace\imagery2024\PREPROCESSED_DATA\3D\3DImages\training_images\training_images\Banana\banana3\Screenshot_20241002_115147.png,0,580
F:\workspace\imagery2024\PREPROCESSED_DATA\3D\3DImages\training_images\training_images\Banana\banana3\Screenshot_20241002_115153.png,0,581
F:\workspace\imagery2024\PREPROCESSED_DATA\3D\3DImages\training_images\training_images\Banana\banana3\Screenshot_20241002_115151.png,0,582
F:\workspace\imagery2024\PREPROCESSED_DATA\3D\3DImages\training_images\training_images\Banana\banana3\Screenshot_20241002_115150.png,0,583
F:\workspace\imagery2024\PREPROCESSED_DATA\3D\3DImages\training_images\training_images\Banana\banana4\Screenshot_20241002_115528.png,0,584
F:\workspace\imagery2024\PREPROCESSED_DATA\3D\3DImages\training_images\training_images\Banana\banana4\Screenshot_20241002_115529.png,0,585
F:\workspace\imagery2024\PREPROCESSED_DATA\3D\3DImages\training_images\training_images\Banana\banana4\Screenshot_20241002_115533.png,0,586
F:\workspace\imagery2024\PREPROCESSED_DATA\3D\3DImages\training_images\training_images\Banana\banana4\Screenshot_20241002_115527.png,0,587
F:\workspace\imagery2024\PREPROCESSED_DATA\3D\3DImages\training_images\training_images\Banana\banana4\Screenshot_20241002_115526.png,0,588
F:\workspace\imagery2024\PREPROCESSED_DATA\3D\3DImages\training_images\training_images\Banana\banana4\Screenshot_20241002_115532.png,0,589
F:\workspace\imagery2024\PREPROCESSED_DATA\3D\3DImages\training_images\training_images\Banana\banana4\Screenshot_20241002_115530.png,0,590
F:\workspace\imagery2024\PREPROCESSED_DATA\3D\3DImages\training_images\training_images\Banana\banana4\Screenshot_20241002_115531.png,0,591
F:\workspace\imagery2024\PREPROCESSED_DATA\3D\3DImages\training_images\training_images\Banana\banana5\Screenshot_20241002_114618.png,0,592
F:\workspace\imagery2024\PREPROCESSED_DATA\3D\3DImages\training_images\training_images\Banana\banana5\Screenshot_20241002_114619.png,0,593
F:\workspace\imagery2024\PREPROCESSED_DATA\3D\3DImages\training_images\training_images\Banana\banana5\Screenshot_20241002_114622.png,0,594
F:\workspace\imagery2024\PREPROCESSED_DATA\3D\3DImages\training_images\training_images\Banana\banana5\Screenshot_20241002_114623.png,0,595
F:\workspace\imagery2024\PREPROCESSED_DATA\3D\3DImages\training_images\training_images\Banana\banana5\Screenshot_20241002_114621.png,0,596
F:\workspace\imagery2024\PREPROCESSED_DATA\3D\3DImages\training_images\training_images\Banana\banana5\Screenshot_20241002_114620.png,0,597
F:\workspace\imagery2024\PREPROCESSED_DATA\3D\3DImages\training_images\training_images\Banana\banana5\Screenshot_20241002_114617.png,0,598
F:\workspace\imagery2024\PREPROCESSED_DATA\3D\3DImages\training_images\training_images\Banana\banana5\Screenshot_20241002_114616.png,0,599
F:\workspace\imagery2024\PREPROCESSED_DATA\3D\3DImages\training_images\training_images\Banana\banana2\Screenshot_20241002_115228.png,0,600
F:\workspace\imagery2024\PREPROCESSED_DATA\3D\3DImages\training_images\training_images\Banana\banana2\Screenshot_20241002_115229.png,0,601
F:\workspace\imagery2024\PREPROCESSED_DATA\3D\3DImages\training_images\training_images\Banana\banana2\Screenshot_20241002_115230.png,0,602
F:\workspace\imagery2024\PREPROCESSED_DATA\3D\3DImages\training_images\training_images\Banana\banana2\Screenshot_20241002_115231.png,0,603
F:\workspace\imagery2024\PREPROCESSED_DATA\3D\3DImages\training_images\training_images\Banana\banana2\Screenshot_20241002_115233.png,0,604
F:\workspace\imagery2024\PREPROCESSED_DATA\3D\3DImages\training_images\training_images\Banana\banana2\Screenshot_20241002_115227.png,0,605
F:\workspace\imagery2024\PREPROCESSED_DATA\3D\3DImages\training_images\training_images\Banana\banana2\Screenshot_20241002_115226.png,0,606
F:\workspace\imagery2024\PREPROCESSED_DATA\3D\3DImages\training_images\training_images\Banana\banana2\Screenshot_20241002_115232.png,0,607
F:\workspace\imagery2024\PREPROCESSED_DATA\3D\3DImages\training_images\training_images\Banana\banana13\Screenshot_20241002_120019.png,0,608
F:\workspace\imagery2024\PREPROCESSED_DATA\3D\3DImages\training_images\training_images\Banana\banana13\Screenshot_20241002_120018.png,0,609
F:\workspace\imagery2024\PREPROCESSED_DATA\3D\3DImages\training_images\training_images\Banana\banana13\Screenshot_20241002_120020.png,0,610
F:\workspace\imagery2024\PREPROCESSED_DATA\3D\3DImages\training_images\training_images\Banana\banana13\Screenshot_20241002_120021.png,0,611
F:\workspace\imagery2024\PREPROCESSED_DATA\3D\3DImages\training_images\training_images\Banana\banana13\Screenshot_20241002_120023.png,0,612
F:\workspace\imagery2024\PREPROCESSED_DATA\3D\3DImages\training_images\training_images\Banana\banana13\Screenshot_20241002_120022.png,0,613
F:\workspace\imagery2024\PREPROCESSED_DATA\3D\3DImages\training_images\training_images\Banana\banana13\Screenshot_20241002_120016.png,0,614
F:\workspace\imagery2024\PREPROCESSED_DATA\3D\3DImages\training_images\training_images\Banana\banana13\Screenshot_20241002_120017.png,0,615
F:\workspace\imagery2024\PREPROCESSED_DATA\3D\3DImages\training_images\training_images\Banana\banana12\Screenshot_20241002_115239.png,0,616
F:\workspace\imagery2024\PREPROCESSED_DATA\3D\3DImages\training_images\training_images\Banana\banana12\Screenshot_20241002_115238.png,0,617
F:\workspace\imagery2024\PREPROCESSED_DATA\3D\3DImages\training_images\training_images\Banana\banana12\Screenshot_20241002_115241.png,0,618
F:\workspace\imagery2024\PREPROCESSED_DATA\3D\3DImages\training_images\training_images\Banana\banana12\Screenshot_20241002_115240.png,0,619
F:\workspace\imagery2024\PREPROCESSED_DATA\3D\3DImages\training_images\training_images\Banana\banana12\Screenshot_20241002_115242.png,0,620
F:\workspace\imagery2024\PREPROCESSED_DATA\3D\3DImages\training_images\training_images\Banana\banana12\Screenshot_20241002_115243.png,0,621
F:\workspace\imagery2024\PREPROCESSED_DATA\3D\3DImages\training_images\training_images\Banana\banana12\Screenshot_20241002_115236.png,0,622
F:\workspace\imagery2024\PREPROCESSED_DATA\3D\3DImages\training_images\training_images\Banana\banana12\Screenshot_20241002_115237.png,0,623
